股票名称,最低价天数,收盘价天数,
GQY视讯_1300076.csv,18,18,
S佳通_0600182.csv,10,10,
TCL集团_1000100.csv,37,37,
一品红_1300723.csv,10,10,
一心堂_1002727.csv,8,5,
一拖股份_0601038.csv,19,0,
一汽夏利_1000927.csv,14,14,
一汽富维_0600742.csv,19,19,
一汽轿车_1000800.csv,8,8,
一致B_1200028.csv,48,0,
七一二_0603712.csv,3,3,
七匹狼_1002029.csv,33,33,
七彩化学_1300758.csv,41,41,
万业企业_0600641.csv,36,36,
万东医疗_0600055.csv,40,0,
万丰奥威_1002085.csv,19,19,
万兴科技_1300624.csv,45,45,
万华化学_0600309.csv,19,19,
万向德农_0600371.csv,33,33,
万向钱潮_1000559.csv,19,19,
万和电气_1002543.csv,38,38,
万孚生物_1300482.csv,33,0,
万安科技_1002590.csv,40,21,
万家乐_1000533.csv,43,43,
万年青_1000789.csv,22,22,
万方发展_1000638.csv,0,0,
万林物流_0603117.csv,12,0,
万泽股份_1000534.csv,4,4,
万润科技_1002654.csv,19,0,
万润股份_1002643.csv,52,0,
万盛股份_0603010.csv,5,0,
万科A_1000002.csv,19,19,
万讯自控_1300112.csv,19,0,
万达信息_1300168.csv,19,19,
万达电影_1002739.csv,8,8,
万通地产_0600246.csv,19,19,
万通智控_1300643.csv,40,38,
万邦德_1002082.csv,22,18,
万邦达_1300055.csv,43,43,
万里扬_1002434.csv,19,0,
万里石_1002785.csv,32,19,
万里股份_0600847.csv,29,29,
万里马_1300591.csv,29,29,
万隆光电_1300710.csv,40,40,
万集科技_1300552.csv,0,0,
万顺股份_1300057.csv,40,19,
万马科技_1300698.csv,0,0,
万马股份_1002276.csv,42,42,
三一重工_0600031.csv,29,0,
三七互娱_1002555.csv,43,43,
三丰智能_1300276.csv,19,0,
三五互联_1300051.csv,1,0,
三元股份_0600429.csv,21,19,
三全食品_1002216.csv,19,3,
三六五网_1300295.csv,0,0,
三六零_0601360.csv,43,43,
三利谱_1002876.csv,53,53,
三力士_1002224.csv,39,39,
三友化工_0600409.csv,19,19,
三变科技_1002112.csv,33,33,
三圣股份_1002742.csv,9,0,
三垒股份_1002621.csv,58,58,
三夫户外_1002780.csv,8,1,
三孚股份_0603938.csv,27,0,
三安光电_0600703.csv,2,0,
三峡新材_0600293.csv,37,36,
三峡水利_0600116.csv,23,23,
三川智慧_1300066.csv,44,44,
三德科技_1300515.csv,33,0,
三星医疗_0601567.csv,33,33,
三星新材_0603578.csv,40,0,
三晖电气_1002857.csv,33,28,
三木集团_1000632.csv,8,7,
三棵树_0603737.csv,17,0,
三毛B股_0900922.csv,31,31,
三毛派神_1000779.csv,23,21,
三江购物_0601116.csv,19,0,
三泰控股_1002312.csv,18,18,
三湘印象_1000863.csv,37,37,
三爱富_0600636.csv,43,43,
三特索道_1002159.csv,40,40,
三环集团_1300408.csv,33,33,
三盛教育_1300282.csv,10,4,
三祥新材_0603663.csv,44,0,
三维丝_1300056.csv,33,0,
三维工程_1002469.csv,28,28,
三维股份_0603033.csv,10,9,
三维通信_1002115.csv,8,0,
三联虹普_1300384.csv,13,0,
三聚环保_1300072.csv,8,8,
三花智控_1002050.csv,19,0,
三角轮胎_0601163.csv,0,0,
三诺生物_1300298.csv,18,2,
三超新材_1300554.csv,43,19,
三鑫医疗_1300453.csv,1,0,
三钢闽光_1002110.csv,18,18,
三雄极光_1300625.csv,44,44,
上实发展_0600748.csv,3,0,
上峰水泥_1000672.csv,0,0,
上工B股_0900924.csv,51,51,
上工申贝_0600843.csv,44,37,
上柴B股_0900920.csv,43,0,
上柴股份_0600841.csv,29,29,
上汽集团_0600104.csv,16,16,
上海三毛_0600689.csv,18,18,
上海临港_0600848.csv,10,10,
上海九百_0600838.csv,19,19,
上海亚虹_0603159.csv,25,22,
上海凤凰_0600679.csv,28,28,
上海凯宝_1300039.csv,29,28,
上海医药_0601607.csv,29,28,
上海天洋_0603330.csv,45,44,
上海家化_0600315.csv,54,0,
上海建工_0600170.csv,37,19,
上海新阳_1300236.csv,24,24,
上海机场_0600009.csv,5,5,
上海机电_0600835.csv,19,0,
上海梅林_0600073.csv,3,3,
上海沪工_0603131.csv,0,0,
上海洗霸_0603200.csv,40,40,
上海物贸_0600822.csv,15,15,
上海环境_0601200.csv,38,33,
上海电力_0600021.csv,19,19,
上海电影_0601595.csv,32,19,
上海电气_0601727.csv,18,18,
上海石化_0600688.csv,44,19,
上海能源_0600508.csv,19,19,
上海莱士_1002252.csv,34,0,
上海贝岭_0600171.csv,29,0,
上海钢联_1300226.csv,33,33,
上海银行_0601229.csv,16,16,
上海雅仕_0603329.csv,11,0,
上港集团_0600018.csv,16,16,
世名科技_1300522.csv,43,43,
世嘉科技_1002796.csv,7,7,
世纪华通_1002602.csv,45,0,
世纪天鸿_1300654.csv,54,54,
世纪星源_1000005.csv,40,0,
世纪瑞尔_1300150.csv,38,37,
世纪鼎利_1300050.csv,8,0,
世联行_1002285.csv,44,44,
世茂股份_0600823.csv,0,0,
世荣兆业_1002016.csv,52,52,
世运电路_0603920.csv,37,19,
世龙实业_1002748.csv,14,0,
东信B股_0900941.csv,8,8,
东信和平_1002017.csv,37,9,
东兴证券_0601198.csv,19,0,
东北制药_1000597.csv,19,18,
东北证券_1000686.csv,19,0,
东华测试_1300354.csv,38,0,
东华科技_1002140.csv,1,0,
东华能源_1002221.csv,17,17,
东华软件_1002065.csv,38,0,
东南网架_1002135.csv,2,0,
东吴证券_0601555.csv,3,0,
东土科技_1300353.csv,37,0,
东安动力_0600178.csv,19,19,
东宏股份_0603856.csv,49,48,
东宝生物_1300239.csv,29,0,
东富龙_1300171.csv,27,0,
东尼电子_0603595.csv,51,0,
东山精密_1002384.csv,20,20,
东方中科_1002819.csv,19,0,
东方创业_0600278.csv,23,23,
东方嘉盛_1002889.csv,18,18,
东方园林_1002310.csv,49,0,
东方国信_1300166.csv,43,0,
东方新星_1002755.csv,23,0,
东方日升_1300118.csv,21,0,
东方时尚_0603377.csv,27,27,
东方明珠_0600637.csv,43,43,
东方材料_0603110.csv,20,20,
东方海洋_1002086.csv,24,24,
东方环宇_0603706.csv,48,44,
东方电子_1000682.csv,32,32,
东方电气_0600875.csv,11,11,
东方电热_1300217.csv,6,6,
东方电缆_0603606.csv,9,9,
东方盛虹_1000301.csv,19,18,
东方精工_1002611.csv,2,1,
东方网力_1300367.csv,0,0,
东方能源_1000958.csv,10,10,
东方航空_0600115.csv,19,19,
东方证券_0600958.csv,19,0,
东方财富_1300059.csv,19,19,
东方通_1300379.csv,37,0,
东方通信_0600776.csv,45,45,
东方金钰_0600086.csv,45,45,
东方钽业_1000962.csv,29,29,
东方铁塔_1002545.csv,2,0,
东方银星_0600753.csv,5,0,
东方锆业_1002167.csv,19,19,
东方集团_0600811.csv,29,29,
东方雨虹_1002271.csv,0,0,
东旭B_1200413.csv,5,5,
东旭光电_1000413.csv,7,7,
东旭蓝天_1000040.csv,35,35,
东易日盛_1002713.csv,30,30,
东晶电子_1002199.csv,31,30,
东材科技_0601208.csv,20,20,
东杰智能_1300486.csv,43,43,
东江环保_1002672.csv,19,19,
东沣B_1200160.csv,19,19,
东港股份_1002117.csv,20,0,
东湖高新_0600133.csv,1,1,
东珠生态_0603359.csv,33,33,
东百集团_0600693.csv,38,36,
东睦股份_0600114.csv,46,0,
东莞控股_1000828.csv,19,19,
东诚药业_1002675.csv,38,38,
东贝B股_0900956.csv,43,43,
东软载波_1300183.csv,10,0,
东软集团_0600718.csv,36,0,
东阳光科_0600673.csv,19,19,
东阿阿胶_1000423.csv,18,18,
东音股份_1002793.csv,0,0,
东风汽车_0600006.csv,11,11,
东风科技_0600081.csv,9,9,
东风股份_0601515.csv,36,36,
丝路视觉_1300556.csv,19,0,
两面针_0600249.csv,0,0,
中亚股份_1300512.csv,50,50,
中交地产_1000736.csv,14,0,
中京电子_1002579.csv,48,48,
中体产业_0600158.csv,28,0,
中信国安_1000839.csv,43,43,
中信建投_0601066.csv,3,0,
中信海直_1000099.csv,40,19,
中信证券_0600030.csv,19,0,
中信重工_0601608.csv,19,19,
中信银行_0601998.csv,19,0,
中储股份_0600787.csv,21,0,
中元股份_1300018.csv,48,18,
中光防雷_1300414.csv,23,2,
中公高科_0603860.csv,19,19,
中关村_1000931.csv,33,33,
中兴商业_1000715.csv,3,0,
中兴通讯_1000063.csv,8,0,
中兵红箭_1000519.csv,33,0,
中再资环_0600217.csv,8,0,
中农立华_0603970.csv,20,19,
中利集团_1002309.csv,44,44,
中化国际_0600500.csv,18,18,
中化岩土_1002542.csv,33,33,
中华企业_0600675.csv,0,0,
中南传媒_0601098.csv,79,0,
中南建设_1000961.csv,3,3,
中原传媒_1000719.csv,53,48,
中原内配_1002448.csv,19,19,
中原环保_1000544.csv,8,2,
中原证券_0601375.csv,38,38,
中原高速_0600020.csv,37,37,
中嘉博创_1000889.csv,42,42,
中国一重_0601106.csv,42,42,
中国中冶_0601618.csv,42,42,
中国中期_1000996.csv,16,0,
中国中铁_0601390.csv,46,46,
中国交建_0601800.csv,19,19,
中国人保_0601319.csv,19,19,
中国人寿_0601628.csv,8,0,
中国出版_0601949.csv,0,0,
中国动力_0600482.csv,44,28,
中国化学_0601117.csv,28,28,
中国医药_0600056.csv,43,43,
中国南车_0601766.csv,53,53,
中国卫星_0600118.csv,32,0,
中国国旅_0601888.csv,7,6,
中国国航_0601111.csv,21,21,
中国国贸_0600007.csv,29,29,
中国外运_0601598.csv,38,38,
中国天楹_1000035.csv,19,8,
中国太保_0601601.csv,8,8,
中国宝安_1000009.csv,33,33,
中国巨石_0600176.csv,18,18,
中国平安_0601318.csv,8,8,
中国应急_1300527.csv,18,18,
中国建筑_0601668.csv,19,19,
中国核建_0601611.csv,19,19,
中国核电_0601985.csv,43,43,
中国武夷_1000797.csv,54,53,
中国汽研_0601965.csv,25,25,
中国海诚_1002116.csv,20,19,
中国海防_0600764.csv,33,33,
中国电建_0601669.csv,43,43,
中国电影_0600977.csv,19,0,
中国石化_0600028.csv,19,19,
中国石油_0601857.csv,51,51,
中国神华_0601088.csv,19,19,
中国科传_0601858.csv,21,0,
中国联通_0600050.csv,8,8,
中国西电_0601179.csv,19,0,
中国软件_0600536.csv,8,8,
中国重工_0601989.csv,19,19,
中国重汽_1000951.csv,15,14,
中国铁建_0601186.csv,43,43,
中国铝业_0601600.csv,19,19,
中国银河_0601881.csv,18,0,
中国银行_0601988.csv,15,10,
中国长城_1000066.csv,27,0,
中国高科_0600730.csv,33,0,
中坚科技_1002779.csv,51,50,
中大力德_1002896.csv,44,44,
中天科技_0600522.csv,8,8,
中天能源_0600856.csv,34,34,
中天金融_1000540.csv,19,18,
中央商场_0600280.csv,43,19,
中威电子_1300270.csv,38,0,
中孚信息_1300659.csv,0,0,
中孚实业_0600595.csv,49,49,
中宠股份_1002891.csv,78,78,
中富通_1300560.csv,8,0,
中山公用_1000685.csv,19,19,
中山金马_1300756.csv,76,76,
中工国际_1002051.csv,33,33,
中广天择_0603721.csv,13,8,
中广核技_1000881.csv,18,18,
中恒电气_1002364.csv,38,38,
中恒集团_0600252.csv,28,0,
中成股份_1000151.csv,29,29,
中房股份_0600890.csv,1,1,
中持股份_0603903.csv,27,0,
中捷资源_1002021.csv,51,51,
中文传媒_0600373.csv,43,0,
中文在线_1300364.csv,41,0,
中新科技_0603996.csv,40,40,
中新药业_0600329.csv,18,0,
中新赛克_1002912.csv,43,0,
中旗股份_1300575.csv,5,0,
中昌数据_0600242.csv,48,0,
中曼石油_0603619.csv,18,16,
中材国际_0600970.csv,19,19,
中材科技_1002080.csv,33,33,
中材节能_0603126.csv,28,28,
中来股份_1300393.csv,47,0,
中核科技_1000777.csv,19,19,
中核钛白_1002145.csv,25,25,
中欣氟材_1002915.csv,19,19,
中水渔业_1000798.csv,40,38,
中油工程_0600339.csv,30,18,
中油资本_1000617.csv,33,19,
中泰化学_1002092.csv,18,18,
中泰股份_1300435.csv,1,1,
中洲控股_1000042.csv,53,53,
中海油服_0601808.csv,19,19,
中海达_1300177.csv,18,0,
中润资源_1000506.csv,8,8,
中源协和_0600645.csv,38,38,
中源家居_0603709.csv,14,14,
中潜股份_1300526.csv,44,0,
中炬高新_0600872.csv,24,5,
中煤能源_0601898.csv,19,19,
中牧股份_0600195.csv,2,1,
中环环保_1300692.csv,19,19,
中环股份_1002129.csv,8,8,
中环装备_1300140.csv,29,0,
中珠医疗_0600568.csv,9,9,
中电兴发_1002298.csv,19,19,
中电环保_1300172.csv,33,33,
中电电机_0603988.csv,36,36,
中百集团_1000759.csv,18,0,
中直股份_0600038.csv,53,53,
中石科技_1300684.csv,0,0,
中矿资源_1002738.csv,19,19,
中科三环_1000970.csv,15,0,
中科信息_1300678.csv,38,0,
中科创达_1300496.csv,43,0,
中科新材_1002290.csv,53,0,
中科曙光_0603019.csv,2,0,
中科电气_1300035.csv,18,18,
中科金财_1002657.csv,19,19,
中粮地产_1000031.csv,18,18,
中粮生化_1000930.csv,19,0,
中粮糖业_0600737.csv,14,12,
中联重科_1000157.csv,16,16,
中能电气_1300062.csv,18,18,
中航三鑫_1002163.csv,24,0,
中航光电_1002179.csv,0,0,
中航投资_0600705.csv,19,19,
中航机电_1002013.csv,28,27,
中航沈飞_0600760.csv,54,53,
中航电子_0600372.csv,43,43,
中航电测_1300114.csv,42,42,
中航重机_0600765.csv,33,33,
中航飞机_1000768.csv,33,33,
中航高科_0600862.csv,19,0,
中船科技_0600072.csv,25,25,
中船防务_0600685.csv,14,14,
中色股份_1000758.csv,0,0,
中葡股份_0600084.csv,0,0,
中衡设计_0603017.csv,52,52,
中装建设_1002822.csv,33,33,
中视传媒_0600088.csv,19,0,
中设股份_1002883.csv,35,33,
中设集团_0603018.csv,38,38,
中超控股_1002471.csv,33,8,
中路B股_0900915.csv,20,10,
中路股份_0600818.csv,32,32,
中远海发_0601866.csv,16,9,
中远海控_0601919.csv,16,16,
中远海特_0600428.csv,28,28,
中远海科_1002401.csv,19,19,
中远海能_0600026.csv,19,0,
中迪投资_1000609.csv,33,32,
中通国脉_0603559.csv,0,0,
中通客车_1000957.csv,8,8,
中金岭南_1000060.csv,18,18,
中金环境_1300145.csv,3,0,
中金黄金_0600489.csv,52,51,
中钢国际_1000928.csv,19,19,
中钢天源_1002057.csv,0,0,
中钨高新_1000657.csv,19,19,
中铁工业_0600528.csv,19,19,
中铝国际_0601068.csv,38,38,
中闽能源_0600163.csv,14,14,
中际旭创_1300308.csv,3,2,
中集集团_1000039.csv,19,19,
中青宝_1300052.csv,19,0,
中青旅_0600138.csv,43,43,
中顺洁柔_1002511.csv,5,0,
中颖电子_1300327.csv,38,38,
中飞股份_1300489.csv,7,7,
中马传动_0603767.csv,28,21,
中鲁B_1200992.csv,48,44,
中鼎股份_1000887.csv,40,37,
丰乐种业_1000713.csv,6,0,
丰元股份_1002805.csv,17,0,
丰原药业_1000153.csv,29,29,
丰山集团_0603810.csv,43,43,
丰林集团_0601996.csv,29,29,
临港B股_0900928.csv,18,18,
丹化科技_0600844.csv,18,18,
丹科B股_0900921.csv,29,0,
丹邦科技_1002618.csv,52,52,
丽岛新材_0603937.csv,44,43,
丽江旅游_1002033.csv,33,33,
丽珠集团_1000513.csv,40,0,
丽鹏股份_1002374.csv,18,8,
久之洋_1300516.csv,0,0,
久其软件_1002279.csv,37,0,
久吾高科_1300631.csv,38,38,
久立特材_1002318.csv,43,43,
久联发展_1002037.csv,53,53,
久远银海_1002777.csv,2,2,
乐凯新材_1300446.csv,33,0,
乐凯胶片_0600135.csv,19,19,
乐山电力_0600644.csv,9,9,
乐心医疗_1300562.csv,19,19,
乐惠国际_0603076.csv,21,0,
乐普医疗_1300003.csv,19,19,
乐歌股份_1300729.csv,40,0,
乐通股份_1002319.csv,8,0,
乔治白_1002687.csv,19,0,
九典制药_1300705.csv,43,43,
九华旅游_0603199.csv,28,0,
九安医疗_1002432.csv,40,40,
九州通_0600998.csv,0,0,
九强生物_1300406.csv,8,0,
九洲电气_1300040.csv,19,0,
九洲药业_0603456.csv,36,0,
九牧王_0601566.csv,19,19,
九芝堂_1000989.csv,43,43,
九阳股份_1002242.csv,29,20,
九鼎投资_0600053.csv,47,0,
九鼎新材_1002201.csv,33,33,
乾景园林_0603778.csv,18,9,
乾照光电_1300102.csv,54,54,
二三四五_1002195.csv,27,0,
二六三_1002467.csv,0,0,
云内动力_1000903.csv,19,19,
云南城投_0600239.csv,3,3,
云南旅游_1002059.csv,26,26,
云南白药_1000538.csv,13,13,
云南能投_1002053.csv,24,0,
云南铜业_1000878.csv,8,8,
云南锗业_1002428.csv,8,8,
云图控股_1002539.csv,33,33,
云天化_0600096.csv,7,0,
云意电气_1300304.csv,37,37,
云投生态_1002200.csv,0,0,
云海金属_1002182.csv,43,33,
云煤能源_0600792.csv,8,0,
云赛B股_0900901.csv,37,0,
云赛智联_0600602.csv,0,0,
云铝股份_1000807.csv,18,18,
五洋停车_1300420.csv,28,27,
五洲交通_0600368.csv,0,0,
五洲新春_0603667.csv,43,0,
五矿发展_0600058.csv,19,19,
五矿稀土_1000831.csv,33,33,
五矿资本_0600390.csv,18,11,
五粮液_1000858.csv,9,0,
井神股份_0603299.csv,43,43,
亚光科技_1300123.csv,19,19,
亚厦股份_1002375.csv,43,40,
亚士创能_0603378.csv,16,16,
亚夏汽车_1002607.csv,19,0,
亚太实业_1000691.csv,33,33,
亚太科技_1002540.csv,19,19,
亚太股份_1002284.csv,18,18,
亚太药业_1002370.csv,19,19,
亚威股份_1002559.csv,2,0,
亚宝药业_0600351.csv,34,33,
亚振家居_0603389.csv,45,45,
亚星化学_0600319.csv,33,28,
亚星客车_0600213.csv,2,0,
亚星锚链_0601890.csv,28,28,
亚普股份_0603013.csv,18,0,
亚泰国际_1002811.csv,43,43,
亚泰集团_0600881.csv,19,0,
亚玛顿_1002623.csv,54,54,
亚盛集团_0600108.csv,27,26,
亚翔集成_0603929.csv,28,2,
亚联发展_1002316.csv,8,0,
亚通股份_0600692.csv,18,18,
亚邦股份_0603188.csv,21,21,
交大昂立_0600530.csv,32,0,
交运股份_0600676.csv,19,0,
交通银行_0601328.csv,19,19,
亨通光电_0600487.csv,8,8,
京东方A_1000725.csv,20,19,
京东方B_1200725.csv,2,0,
京华激光_0603607.csv,21,0,
京城股份_0600860.csv,21,21,
京天利_1300399.csv,36,0,
京威股份_1002662.csv,7,7,
京山轻机_1000821.csv,43,42,
京投发展_0600683.csv,28,0,
京新药业_1002020.csv,29,0,
京汉股份_1000615.csv,28,25,
京泉华_1002885.csv,28,28,
京粮B_1200505.csv,126,18,
京粮控股_1000505.csv,43,19,
京能电力_0600578.csv,38,0,
京能置业_0600791.csv,33,0,
京蓝科技_1000711.csv,38,0,
京运通_0601908.csv,53,53,
人人乐_1002336.csv,2,2,
人民同泰_0600829.csv,17,17,
人民网_0603000.csv,36,36,
人福医药_0600079.csv,19,19,
亿利洁能_0600277.csv,4,0,
亿利达_1002686.csv,0,0,
亿嘉和_0603666.csv,33,0,
亿帆医药_1002019.csv,2,2,
亿晶光电_0600537.csv,18,18,
亿纬锂能_1300014.csv,8,0,
亿联网络_1300628.csv,0,0,
亿通科技_1300211.csv,29,29,
仁东控股_1002647.csv,54,54,
仁和药业_1000650.csv,4,0,
仁智股份_1002629.csv,13,13,
今世缘_0603369.csv,8,0,
今创集团_0603680.csv,18,18,
今天国际_1300532.csv,5,5,
今飞凯达_1002863.csv,44,44,
仙坛股份_1002746.csv,3,3,
仙琚制药_1002332.csv,33,0,
仙鹤股份_0603733.csv,43,43,
仟源医药_1300254.csv,17,17,
以岭药业_1002603.csv,33,33,
任子行_1300311.csv,36,0,
伊之密_1300415.csv,0,0,
伊利股份_0600887.csv,8,8,
伊力特_0600197.csv,29,29,
伊戈尔_1002922.csv,50,50,
伊泰B股_0900948.csv,2,0,
众业达_1002441.csv,40,40,
众信旅游_1002707.csv,42,42,
众兴菌业_1002772.csv,20,0,
众合科技_1000925.csv,44,0,
众应互联_1002464.csv,16,14,
众泰汽车_1000980.csv,17,17,
众源新材_0603527.csv,44,43,
众生药业_1002317.csv,28,0,
优博讯_1300531.csv,33,0,
优德精密_1300549.csv,19,19,
会畅通讯_1300578.csv,2,0,
会稽山_0601579.csv,48,48,
伟明环保_0603568.csv,2,0,
伟星新材_1002372.csv,23,23,
伟星股份_1002003.csv,29,29,
伟隆股份_1002871.csv,1,1,
传化智联_1002010.csv,18,18,
传艺科技_1002866.csv,2,0,
伯特利_0603596.csv,48,48,
佐力药业_1300181.csv,40,40,
佛塑科技_1000973.csv,17,16,
佛山照明_1000541.csv,19,0,
佛慈制药_1002644.csv,21,21,
佛燃股份_1002911.csv,48,48,
佩蒂股份_1300673.csv,54,54,
佳云科技_1300242.csv,37,19,
佳创视讯_1300264.csv,7,0,
佳力图_0603912.csv,28,28,
佳士科技_1300193.csv,33,33,
佳沃股份_1300268.csv,2,2,
佳电股份_1000922.csv,3,0,
佳讯飞鸿_1300213.csv,37,37,
佳都科技_0600728.csv,38,0,
佳隆股份_1002495.csv,33,33,
供销大集_1000564.csv,41,0,
依米康_1300249.csv,37,0,
依顿电子_0603328.csv,33,0,
保利地产_0600048.csv,31,31,
保变电气_0600550.csv,37,37,
保税科技_0600794.csv,0,0,
保隆科技_0603197.csv,39,39,
保龄宝_1002286.csv,19,0,
信息发展_1300469.csv,19,0,
信捷电气_0603416.csv,50,50,
信立泰_1002294.csv,40,40,
信维通信_1300136.csv,8,0,
信达地产_0600657.csv,29,0,
信邦制药_1002390.csv,7,7,
信隆健康_1002105.csv,19,19,
信雅达_0600571.csv,18,18,
倍加洁_0603059.csv,54,54,
健友股份_0603707.csv,34,34,
健帆生物_1300529.csv,6,0,
健康元_0600380.csv,33,33,
健民集团_0600976.csv,17,16,
健盛集团_0603558.csv,19,18,
傲农生物_0603363.csv,6,5,
元力股份_1300174.csv,7,7,
元成股份_0603388.csv,20,20,
元祖股份_0603886.csv,2,0,
元隆雅图_1002878.csv,19,18,
兄弟科技_1002562.csv,1,0,
兆丰股份_1300695.csv,43,43,
兆新股份_1002256.csv,18,18,
兆日科技_1300333.csv,34,0,
兆易创新_0603986.csv,15,15,
兆驰股份_1002429.csv,37,37,
先导智能_1300450.csv,44,43,
先河环保_1300137.csv,42,0,
先达股份_0603086.csv,19,19,
先进数通_1300541.csv,37,0,
先锋新材_1300163.csv,43,43,
先锋电子_1002767.csv,8,7,
光一科技_1300356.csv,35,0,
光力科技_1300480.csv,37,0,
光华科技_1002741.csv,50,49,
光启技术_1002625.csv,43,0,
光大嘉宝_0600622.csv,19,0,
光大证券_0601788.csv,19,0,
光大银行_0601818.csv,19,19,
光威复材_1300699.csv,8,0,
光库科技_1300620.csv,48,48,
光弘科技_1300735.csv,13,13,
光明乳业_0600597.csv,18,18,
光明地产_0600708.csv,3,3,
光正集团_1002524.csv,8,1,
光洋股份_1002708.csv,45,45,
光环新网_1300383.csv,8,0,
光电股份_0600184.csv,19,19,
光线传媒_1300251.csv,76,0,
光莆股份_1300632.csv,10,0,
光迅科技_1002281.csv,45,45,
光韵达_1300227.csv,46,46,
克明面业_1002661.csv,28,28,
克来机电_0603960.csv,53,53,
兔宝宝_1002043.csv,23,23,
兖州煤业_0600188.csv,18,16,
全信股份_1300447.csv,19,0,
全志科技_1300458.csv,41,38,
全新好_1000007.csv,46,44,
全柴动力_0600218.csv,8,8,
全筑股份_0603030.csv,18,17,
全聚德_1002186.csv,33,33,
全通教育_1300359.csv,18,18,
八一钢铁_0600581.csv,43,43,
八菱科技_1002592.csv,32,32,
六国化工_0600470.csv,1,0,
兰太实业_0600328.csv,18,18,
兰州民百_0600738.csv,12,0,
兰州黄河_1000929.csv,18,16,
兰生股份_0600826.csv,16,16,
兰石重装_0603169.csv,27,0,
兰花科创_0600123.csv,19,19,
共达电声_1002655.csv,21,0,
共进股份_0603118.csv,9,2,
兴业矿业_1000426.csv,58,58,
兴业科技_1002674.csv,7,0,
兴业股份_0603928.csv,48,47,
兴业证券_0601377.csv,19,0,
兴业银行_0601166.csv,10,10,
兴化股份_1002109.csv,26,26,
兴发集团_0600141.csv,15,0,
兴森科技_1002436.csv,3,0,
兴民智通_1002355.csv,12,5,
兴源环境_1300266.csv,8,8,
兴瑞科技_1002937.csv,69,69,
兴蓉环境_1000598.csv,18,18,
兴齐眼药_1300573.csv,1,0,
养元饮品_0603156.csv,2,2,
冀东水泥_1000401.csv,29,21,
冀东装备_1000856.csv,43,43,
冀中能源_1000937.csv,19,18,
冀凯股份_1002691.csv,29,29,
内蒙一机_0600967.csv,47,47,
内蒙华电_0600863.csv,5,5,
再升科技_0603601.csv,21,21,
农业银行_0601288.csv,19,19,
农产品_1000061.csv,19,19,
农发种业_0600313.csv,19,19,
农尚环境_1300536.csv,23,0,
冠农股份_0600251.csv,29,29,
冠城大通_0600067.csv,30,30,
冠昊生物_1300238.csv,2,2,
冠豪高新_0600433.csv,30,0,
冰川网络_1300533.csv,38,0,
冰轮环境_1000811.csv,12,12,
凌云B股_0900957.csv,41,29,
凌云股份_0600480.csv,29,29,
凌钢股份_0600231.csv,42,33,
凌霄泵业_1002884.csv,27,27,
凤凰B股_0900916.csv,29,29,
凤凰传媒_0601928.csv,53,33,
凤凰光学_0600071.csv,28,0,
凤凰股份_0600716.csv,26,26,
凤形股份_1002760.csv,19,0,
凤竹纺织_0600493.csv,26,26,
凯中精密_1002823.csv,39,37,
凯乐科技_0600260.csv,19,0,
凯众股份_0603037.csv,40,40,
凯伦股份_1300715.csv,2,2,
凯利泰_1300326.csv,21,21,
凯发电气_1300407.csv,33,33,
凯恩股份_1002012.csv,18,17,
凯撒文化_1002425.csv,45,0,
凯撒旅游_1000796.csv,17,17,
凯文教育_1002659.csv,19,18,
凯普生物_1300639.csv,18,18,
凯瑞德_1002072.csv,50,48,
凯盛科技_0600552.csv,49,49,
凯美特气_1002549.csv,2,2,
凯莱英_1002821.csv,5,0,
凯马B_0900953.csv,25,25,
凯龙股份_1002783.csv,8,8,
出版传媒_0601999.csv,18,0,
分众传媒_1002027.csv,53,53,
刚泰控股_0600687.csv,10,10,
创业环保_0600874.csv,0,0,
创业软件_1300451.csv,0,0,
创业黑马_1300688.csv,48,0,
创元科技_1000551.csv,4,0,
创力集团_0603012.csv,1,1,
创意信息_1300366.csv,19,0,
创新医疗_1002173.csv,19,0,
创源文化_1300703.csv,19,19,
创维数字_1000810.csv,36,28,
初灵信息_1300250.csv,17,15,
利亚德_1300296.csv,19,19,
利君股份_1002651.csv,39,39,
利尔化学_1002258.csv,54,54,
利德曼_1300289.csv,29,0,
利欧股份_1002131.csv,36,36,
利民股份_1002734.csv,18,18,
利源精制_1002501.csv,44,44,
利群股份_0601366.csv,37,37,
利达光电_1002189.csv,25,25,
利通电子_0603629.csv,53,53,
剑桥科技_0603083.csv,8,8,
力帆股份_0601777.csv,7,7,
力源信息_1300184.csv,0,0,
力生制药_1002393.csv,38,38,
力盛赛车_1002858.csv,21,0,
加加食品_1002650.csv,38,38,
动力源_0600405.csv,21,21,
劲嘉股份_1002191.csv,21,21,
劲拓股份_1300400.csv,29,29,
劲胜智能_1300083.csv,40,19,
勘设股份_0603458.csv,17,17,
勤上股份_1002638.csv,18,18,
包钢股份_0600010.csv,42,42,
北京利尔_1002392.csv,33,33,
北京君正_1300223.csv,37,0,
北京城乡_0600861.csv,18,8,
北京城建_0600266.csv,29,0,
北京文化_1000802.csv,69,69,
北京科锐_1002350.csv,44,44,
北京银行_0601169.csv,18,18,
北信源_1300352.csv,28,0,
北化股份_1002246.csv,23,23,
北大医药_1000788.csv,28,27,
北大荒_0600598.csv,28,21,
北巴传媒_0600386.csv,37,37,
北斗星通_1002151.csv,43,43,
北新建材_1000786.csv,40,0,
北新路桥_1002307.csv,27,26,
北方华创_1002371.csv,36,0,
北方国际_1000065.csv,18,18,
北方导航_0600435.csv,37,37,
北方稀土_0600111.csv,19,19,
北方股份_0600262.csv,24,18,
北汽蓝谷_0600733.csv,12,12,
北特科技_0603009.csv,18,18,
北玻股份_1002613.csv,43,43,
北矿科技_0600980.csv,19,0,
北纬科技_1002148.csv,2,0,
北讯集团_1002359.csv,2,0,
北辰实业_0601588.csv,1,0,
北部湾港_1000582.csv,12,12,
北陆药业_1300016.csv,38,38,
千方科技_1002373.csv,21,0,
千禾味业_0603027.csv,28,28,
千红制药_1002550.csv,19,8,
千金药业_0600479.csv,15,8,
华业资本_0600240.csv,44,43,
华东医药_1000963.csv,19,5,
华东数控_1002248.csv,41,0,
华东电脑_0600850.csv,19,19,
华东科技_1000727.csv,38,8,
华东重机_1002685.csv,42,42,
华中数控_1300161.csv,8,8,
华丽家族_0600503.csv,7,6,
华仁药业_1300110.csv,15,15,
华仪电气_0600290.csv,32,32,
华伍股份_1300095.csv,33,29,
华体科技_0603679.csv,10,5,
华侨城A_1000069.csv,18,18,
华信新材_1300717.csv,33,33,
华光股份_0600475.csv,19,19,
华兰生物_1002007.csv,31,31,
华凯创意_1300592.csv,36,36,
华创阳安_0600155.csv,17,8,
华力创通_1300045.csv,37,37,
华北制药_0600812.csv,29,29,
华升股份_0600156.csv,30,0,
华友钴业_0603799.csv,4,4,
华发股份_0600325.csv,28,28,
华域汽车_0600741.csv,17,16,
华培动力_0603121.csv,64,64,
华塑控股_1000509.csv,8,8,
华夏幸福_0600340.csv,19,19,
华夏银行_0600015.csv,19,19,
华大基因_1300676.csv,51,51,
华天科技_1002185.csv,48,0,
华天酒店_1000428.csv,33,33,
华媒控股_1000607.csv,16,0,
华孚时尚_1002042.csv,36,33,
华宇软件_1300271.csv,0,0,
华安证券_0600909.csv,19,0,
华宏科技_1002645.csv,10,10,
华宝股份_1300741.csv,37,37,
华峰氨纶_1002064.csv,12,12,
华峰超纤_1300180.csv,39,15,
华工科技_1000988.csv,39,0,
华帝股份_1002035.csv,21,21,
华平股份_1300074.csv,19,18,
华建集团_0600629.csv,41,0,
华录百纳_1300291.csv,28,28,
华微电子_0600360.csv,0,0,
华懋科技_0603306.csv,17,17,
华扬联众_0603825.csv,37,36,
华控赛格_1000068.csv,44,44,
华数传媒_1000156.csv,26,26,
华斯股份_1002494.csv,33,33,
华新B股_0900933.csv,0,0,
华新水泥_0600801.csv,16,0,
华昌化工_1002274.csv,4,3,
华昌达_1300278.csv,38,38,
华明装备_1002270.csv,33,33,
华星创业_1300025.csv,1,0,
华映科技_1000536.csv,9,9,
华林证券_1002945.csv,43,43,
华森制药_1002907.csv,43,40,
华正新材_0603186.csv,8,8,
华泰股份_0600308.csv,21,0,
华泰证券_0601688.csv,20,0,
华测导航_1300627.csv,18,0,
华测检测_1300012.csv,0,0,
华海药业_0600521.csv,33,32,
华润三九_1000999.csv,30,0,
华润双鹤_0600062.csv,19,19,
华源控股_1002787.csv,28,28,
华灿光电_1300323.csv,51,51,
华瑞股份_1300626.csv,43,43,
华电B股_0900937.csv,2,0,
华电国际_0600027.csv,119,117,
华电能源_0600726.csv,44,44,
华电重工_0601226.csv,25,25,
华立股份_0603038.csv,18,0,
华策影视_1300133.csv,44,44,
华纺股份_0600448.csv,22,22,
华统股份_1002840.csv,7,7,
华联控股_1000036.csv,18,18,
华联综超_0600361.csv,29,0,
华联股份_1000882.csv,18,18,
华胜天成_0600410.csv,2,0,
华能国际_0600011.csv,53,53,
华能水电_0600025.csv,19,0,
华脉科技_0603042.csv,8,0,
华自科技_1300490.csv,19,19,
华致酒行_1300755.csv,19,0,
华英农业_1002321.csv,4,4,
华茂股份_1000850.csv,24,0,
华荣股份_0603855.csv,19,19,
华菱星马_0600375.csv,37,19,
华菱精工_0603356.csv,52,49,
华菱钢铁_1000932.csv,43,43,
华虹计通_1300330.csv,29,29,
华西股份_1000936.csv,37,34,
华西能源_1002630.csv,12,0,
华西证券_1002926.csv,39,39,
华讯方舟_1000687.csv,40,40,
华谊B股_0900909.csv,19,19,
华谊兄弟_1300027.csv,19,18,
华谊嘉信_1300071.csv,43,43,
华谊集团_0600623.csv,29,29,
华贸物流_0603128.csv,10,4,
华资实业_0600191.csv,26,26,
华软科技_1002453.csv,20,0,
华达科技_0603358.csv,39,39,
华远地产_0600743.csv,19,0,
华通医药_1002758.csv,4,4,
华通热力_1002893.csv,43,0,
华邦健康_1002004.csv,28,28,
华金资本_1000532.csv,38,38,
华鑫股份_0600621.csv,27,27,
华钰矿业_0601020.csv,19,18,
华铁科技_0603300.csv,10,0,
华铁股份_1000976.csv,20,19,
华铭智能_1300462.csv,49,43,
华银电力_0600744.csv,19,18,
华锋股份_1002806.csv,40,40,
华锦股份_1000059.csv,18,18,
华闻传媒_1000793.csv,37,37,
华阳集团_1002906.csv,19,18,
华鲁恒升_0600426.csv,20,19,
华鹏飞_1300350.csv,33,0,
华鼎股份_0601113.csv,44,43,
协鑫集成_1002506.csv,13,0,
卓翼科技_1002369.csv,38,0,
卓郎智能_0600545.csv,0,0,
南京公用_1000421.csv,33,33,
南京化纤_0600889.csv,28,28,
南京医药_0600713.csv,20,20,
南京新百_0600682.csv,0,0,
南京港_1002040.csv,18,18,
南京熊猫_0600775.csv,7,2,
南京聚隆_1300644.csv,48,48,
南京证券_0601990.csv,21,21,
南京银行_0601009.csv,16,16,
南京高科_0600064.csv,32,32,
南兴装备_1002757.csv,1,0,
南华仪器_1300417.csv,0,0,
南华生物_1000504.csv,49,49,
南卫股份_0603880.csv,40,0,
南国置业_1002305.csv,21,21,
南大光电_1300346.csv,21,0,
南天信息_1000948.csv,45,0,
南威软件_0603636.csv,36,36,
南宁百货_0600712.csv,0,0,
南宁糖业_1000911.csv,13,13,
南山控股_1002314.csv,43,43,
南山铝业_0600219.csv,40,38,
南岭民爆_1002096.csv,36,36,
南方传媒_0601900.csv,46,46,
南方汇通_1000920.csv,7,4,
南方航空_0600029.csv,21,21,
南方轴承_1002553.csv,15,15,
南极电商_1002127.csv,4,4,
南洋股份_1002212.csv,43,43,
南玻A_1000012.csv,39,38,
南玻B_1200012.csv,43,43,
南纺股份_0600250.csv,33,32,
南都物业_0603506.csv,53,52,
南都电源_1300068.csv,51,51,
南风股份_1300004.csv,18,0,
博世科_1300422.csv,19,19,
博云新材_1002297.csv,33,33,
博信股份_0600083.csv,43,43,
博创科技_1300548.csv,43,0,
博士眼镜_1300622.csv,1,1,
博天环境_0603603.csv,59,59,
博威合金_0601137.csv,0,0,
博实股份_1002698.csv,25,8,
博彦科技_1002649.csv,18,0,
博思软件_1300525.csv,43,29,
博敏电子_0603936.csv,37,36,
博晖创新_1300318.csv,33,33,
博汇纸业_0600966.csv,3,2,
博济医药_1300404.csv,5,0,
博深工具_1002282.csv,29,29,
博瑞传播_0600880.csv,37,0,
博腾股份_1300363.csv,51,48,
博迈科_0603727.csv,18,0,
博通股份_0600455.csv,18,18,
博闻科技_0600883.csv,39,37,
博雅生物_1300294.csv,43,0,
卧龙地产_0600173.csv,33,33,
卧龙电气_0600580.csv,13,2,
卫信康_0603676.csv,40,0,
卫光生物_1002880.csv,28,28,
卫士通_1002268.csv,19,19,
卫宁健康_1300253.csv,2,0,
卫星石化_1002648.csv,9,0,
印纪传媒_1002143.csv,14,0,
厚普股份_1300471.csv,11,10,
原尚股份_0603813.csv,33,33,
厦工股份_0600815.csv,19,19,
厦门信达_1000701.csv,38,0,
厦门国贸_0600755.csv,29,29,
厦门港务_1000905.csv,27,27,
厦门空港_0600897.csv,0,0,
厦门象屿_0600057.csv,19,18,
厦门钨业_0600549.csv,43,43,
友讯达_1300514.csv,36,0,
友邦吊顶_1002718.csv,18,18,
友阿股份_1002277.csv,43,43,
双一科技_1300690.csv,33,0,
双塔食品_1002481.csv,16,16,
双成药业_1002693.csv,19,19,
双星新材_1002585.csv,51,51,
双杰电气_1300444.csv,7,7,
双林股份_1300100.csv,48,48,
双汇发展_1000895.csv,3,3,
双环传动_1002472.csv,44,44,
双箭股份_1002381.csv,26,26,
双良节能_0600481.csv,33,33,
双象股份_1002395.csv,16,16,
双鹭药业_1002038.csv,43,43,
口子窖_0603589.csv,3,0,
古井贡B_1200596.csv,7,0,
古井贡酒_1000596.csv,6,0,
古越龙山_0600059.csv,19,19,
古鳌科技_1300551.csv,7,0,
可立克_1002782.csv,38,38,
台华新材_0603055.csv,52,52,
台基股份_1300046.csv,10,0,
台海核电_1002366.csv,48,19,
史丹利_1002588.csv,18,18,
号百控股_0600640.csv,8,0,
司太立_0603520.csv,3,0,
司尔特_1002538.csv,17,17,
合众思壮_1002383.csv,48,48,
合兴包装_1002228.csv,43,29,
合力泰_1002217.csv,53,53,
合力科技_0603917.csv,33,33,
合康新能_1300048.csv,8,0,
合盛硅业_0603260.csv,44,44,
合纵科技_1300477.csv,53,51,
合肥城建_1002208.csv,23,23,
合肥百货_1000417.csv,17,0,
合诚股份_0603909.csv,85,82,
合金投资_1000633.csv,19,18,
合锻智能_0603011.csv,36,35,
吉华集团_0603980.csv,21,21,
吉大通信_1300597.csv,20,0,
吉宏股份_1002803.csv,18,18,
吉峰科技_1300022.csv,3,0,
吉林化纤_1000420.csv,29,29,
吉林敖东_1000623.csv,19,19,
吉林森工_0600189.csv,18,18,
吉林高速_0601518.csv,44,44,
吉比特_0603444.csv,8,8,
吉电股份_1000875.csv,11,11,
吉祥航空_0603885.csv,31,21,
吉翔股份_0603399.csv,3,2,
吉艾科技_1300309.csv,18,18,
吉药控股_1300108.csv,29,22,
吉视传媒_0601929.csv,19,19,
吉鑫科技_0601218.csv,16,11,
同为股份_1002835.csv,22,22,
同仁堂_0600085.csv,18,16,
同兴达_1002845.csv,50,50,
同和药业_1300636.csv,40,29,
同大股份_1300321.csv,21,21,
同德化工_1002360.csv,3,0,
同方股份_0600100.csv,43,38,
同有科技_1300302.csv,37,0,
同洲电子_1002052.csv,18,0,
同济堂_0600090.csv,33,33,
同济科技_0600846.csv,18,18,
同益股份_1300538.csv,9,9,
同花顺_1300033.csv,19,19,
同达创业_0600647.csv,25,0,
名家汇_1300506.csv,33,19,
名臣健康_1002919.csv,18,0,
名雕股份_1002830.csv,29,29,
向日葵_1300111.csv,42,42,
君正集团_0601216.csv,33,19,
君禾股份_0603617.csv,3,0,
启明信息_1002232.csv,28,0,
启明星辰_1002439.csv,4,4,
启迪古汉_1000590.csv,0,0,
启迪桑德_1000826.csv,26,25,
启迪设计_1300500.csv,25,25,
吴江银行_0603323.csv,44,44,
吴通控股_1300292.csv,2,0,
周大生_1002867.csv,19,19,
和仁科技_1300550.csv,19,0,
和佳股份_1300273.csv,18,18,
和晶科技_1300279.csv,38,2,
和科达_1002816.csv,29,9,
和而泰_1002402.csv,10,10,
和胜股份_1002824.csv,25,25,
和邦生物_0603077.csv,19,19,
和顺电气_1300141.csv,52,52,
哈三联_1002900.csv,29,0,
哈尔斯_1002615.csv,19,19,
哈工智能_1000584.csv,42,0,
哈投股份_0600864.csv,1,0,
哈森股份_0603958.csv,33,0,
哈药股份_0600664.csv,22,22,
哈高科_0600095.csv,19,19,
唐人神_1002567.csv,5,4,
唐山港_0601000.csv,28,0,
唐德影视_1300426.csv,18,0,
商业城_0600306.csv,29,29,
商赢环球_0600146.csv,19,0,
喜临门_0603008.csv,18,18,
嘉事堂_1002462.csv,36,29,
嘉凯城_1000918.csv,43,28,
嘉化能源_0600273.csv,20,18,
嘉友国际_0603871.csv,29,28,
嘉寓股份_1300117.csv,29,28,
嘉应制药_1002198.csv,16,16,
嘉欣丝绸_1002404.csv,48,48,
嘉泽新能_0601619.csv,54,54,
嘉澳环保_0603822.csv,58,58,
嘉诚国际_0603535.csv,18,18,
嘉麟杰_1002486.csv,43,43,
四创电子_0600990.csv,19,19,
四川九洲_1000801.csv,0,0,
四川双马_1000935.csv,44,0,
四川成渝_0601107.csv,29,0,
四川美丰_1000731.csv,35,0,
四川路桥_0600039.csv,32,32,
四川金顶_0600678.csv,19,19,
四川长虹_0600839.csv,37,37,
四方科技_0603339.csv,43,43,
四方精创_1300468.csv,21,21,
四方股份_0601126.csv,18,18,
四方达_1300179.csv,8,7,
四环生物_1000518.csv,50,50,
四维图新_1002405.csv,17,17,
四通新材_1300428.csv,33,33,
四通股份_0603838.csv,19,18,
回天新材_1300041.csv,16,0,
园城黄金_0600766.csv,45,45,
围海股份_1002586.csv,43,42,
国中水务_0600187.csv,38,38,
国信证券_1002736.csv,19,19,
国元证券_1000728.csv,19,0,
国光电器_1002045.csv,8,8,
国光股份_1002749.csv,39,39,
国农科技_1000004.csv,2,0,
国创高新_1002377.csv,0,0,
国发股份_0600538.csv,1,0,
国城矿业_1000688.csv,2,2,
国恩股份_1002768.csv,18,18,
国投中鲁_0600962.csv,17,17,
国投电力_0600886.csv,64,64,
国投资本_0600061.csv,19,19,
国新B股_0900913.csv,7,0,
国新健康_1000503.csv,14,14,
国新能源_0600617.csv,7,7,
国旅联合_0600358.csv,26,21,
国星光电_1002449.csv,18,18,
国机汽车_0600335.csv,18,18,
国机通用_0600444.csv,18,18,
国检集团_0603060.csv,28,28,
国民技术_1300077.csv,48,39,
国泰君安_0601211.csv,19,19,
国泰集团_0603977.csv,12,12,
国海证券_1000750.csv,19,19,
国瓷材料_1300285.csv,5,0,
国电南瑞_0600406.csv,33,33,
国电南自_0600268.csv,30,30,
国电电力_0600795.csv,19,19,
国盛金控_1002670.csv,22,0,
国睿科技_0600562.csv,37,0,
国祯环保_1300388.csv,8,7,
国科微_1300672.csv,28,5,
国立科技_1300716.csv,48,48,
国统股份_1002205.csv,7,0,
国美通讯_0600898.csv,19,19,
国联水产_1300094.csv,49,48,
国脉科技_1002093.csv,19,10,
国芳集团_0601086.csv,43,43,
国药一致_1000028.csv,37,37,
国药股份_0600511.csv,33,33,
国轩高科_1002074.csv,49,0,
国金证券_0600109.csv,19,0,
国际医学_1000516.csv,19,19,
国际实业_1000159.csv,17,0,
国风塑业_1000859.csv,45,45,
圆通速递_0600233.csv,21,19,
圣农发展_1002299.csv,12,11,
圣济堂_0600227.csv,33,33,
圣达生物_0603079.csv,3,0,
圣邦股份_1300661.csv,3,0,
圣阳股份_1002580.csv,19,0,
圣龙股份_0603178.csv,37,37,
地素时尚_0603587.csv,30,30,
均胜电子_0600699.csv,2,2,
坚朗五金_1002791.csv,3,3,
坚瑞沃能_1300116.csv,42,5,
坤彩科技_0603826.csv,61,0,
埃斯顿_1002747.csv,43,0,
城发环境_1000885.csv,8,0,
城地股份_0603887.csv,36,0,
城市传媒_0600229.csv,37,37,
城投控股_0600649.csv,3,0,
基蛋生物_0603387.csv,10,10,
塔牌集团_1002233.csv,48,48,
塞力斯_0603716.csv,26,26,
士兰微_0600460.csv,23,10,
复旦复华_0600624.csv,28,28,
复星医药_0600196.csv,33,21,
外高B股_0900912.csv,18,18,
外高桥_0600648.csv,17,17,
多伦科技_0603528.csv,29,0,
多喜爱_1002761.csv,1,0,
多氟多_1002407.csv,42,42,
大东方_0600327.csv,19,19,
大东海A_1000613.csv,43,43,
大东海B_1200613.csv,0,0,
大丰实业_0603081.csv,45,0,
大亚圣象_1000910.csv,42,42,
大众B股_0900903.csv,29,29,
大众交通_0600611.csv,37,33,
大众公用_0600635.csv,37,37,
大元泵业_0603757.csv,44,43,
大冶特钢_1000708.csv,16,16,
大冷B_1200530.csv,18,0,
大冷股份_1000530.csv,19,19,
大北农_1002385.csv,4,4,
大千生态_0603955.csv,33,33,
大华股份_1002236.csv,0,0,
大博医疗_1002901.csv,18,0,
大参林_0603233.csv,32,32,
大同煤业_0601001.csv,8,8,
大名城B_0900940.csv,39,0,
大名城_0600094.csv,15,15,
大唐发电_0601991.csv,43,42,
大商股份_0600694.csv,40,40,
大富科技_1300134.csv,8,0,
大庆华科_1000985.csv,21,19,
大康农业_1002505.csv,4,4,
大恒科技_0600288.csv,20,20,
大族激光_1002008.csv,44,44,
大晟文化_0600892.csv,47,38,
大智慧_0601519.csv,19,19,
大有能源_0600403.csv,29,19,
大洋电机_1002249.csv,7,7,
大港股份_1002077.csv,0,0,
大湖股份_0600257.csv,19,19,
大烨智能_1300670.csv,50,50,
大理药业_0603963.csv,8,8,
大禹节水_1300021.csv,2,2,
大秦铁路_0601006.csv,19,19,
大立科技_1002214.csv,0,0,
大西洋_0600558.csv,33,33,
大豪科技_0603025.csv,43,43,
大连友谊_1000679.csv,38,0,
大连圣亚_0600593.csv,1,0,
大连港_0601880.csv,29,0,
大连热电_0600719.csv,17,0,
大连电瓷_1002606.csv,33,0,
大连重工_1002204.csv,26,26,
大通燃气_1000593.csv,28,0,
大金重工_1002487.csv,42,42,
大龙地产_0600159.csv,19,0,
天业通联_1002459.csv,10,0,
天保基建_1000965.csv,33,33,
天健集团_1000090.csv,18,0,
天创时尚_0603608.csv,127,0,
天华超净_1300390.csv,28,0,
天华院_0600579.csv,31,29,
天原集团_1002386.csv,18,18,
天和防务_1300397.csv,28,19,
天喻信息_1300205.csv,4,4,
天地数码_1300743.csv,13,13,
天地源_0600665.csv,33,0,
天地科技_0600582.csv,38,38,
天坛生物_0600161.csv,19,19,
天域生态_0603717.csv,33,33,
天壕环境_1300332.csv,33,33,
天士力_0600535.csv,19,0,
天夏智慧_1000662.csv,38,37,
天奇股份_1002009.csv,42,40,
天奥电子_1002935.csv,18,0,
天威视讯_1002238.csv,8,5,
天孚通信_1300394.csv,48,0,
天宇股份_1300702.csv,14,14,
天安新材_0603725.csv,44,44,
天宝食品_1002220.csv,42,41,
天宸股份_0600620.csv,8,8,
天富能源_0600509.csv,28,26,
天山生物_1300313.csv,43,43,
天山股份_1000877.csv,27,27,
天广中茂_1002509.csv,47,44,
天康生物_1002100.csv,4,4,
天成控股_0600112.csv,18,13,
天成自控_0603085.csv,15,0,
天房发展_0600322.csv,38,0,
天晟新材_1300169.csv,43,19,
天桥起重_1002523.csv,17,15,
天永智能_0603895.csv,43,43,
天汽模_1002510.csv,33,19,
天沃科技_1002564.csv,2,0,
天泽信息_1300209.csv,47,0,
天津普林_1002134.csv,25,21,
天津松江_0600225.csv,17,17,
天津港_0600717.csv,29,28,
天津磁卡_0600800.csv,1,1,
天海防务_1300008.csv,19,19,
天润乳业_0600419.csv,52,51,
天润数娱_1002113.csv,0,0,
天润曲轴_1002283.csv,18,18,
天源迪科_1300047.csv,29,0,
天玑科技_1300245.csv,38,0,
天瑞仪器_1300165.csv,16,14,
天目药业_0600671.csv,25,24,
天神娱乐_1002354.csv,47,44,
天科股份_0600378.csv,1,0,
天翔环境_1300362.csv,0,0,
天能重工_1300569.csv,43,2,
天舟文化_1300148.csv,37,0,
天茂集团_1000627.csv,8,8,
天药股份_0600488.csv,21,21,
天虹股份_1002419.csv,21,0,
天赐材料_1002709.csv,53,43,
天通股份_0600330.csv,28,28,
天邑股份_1300504.csv,48,0,
天邦股份_1002124.csv,9,4,
天铁股份_1300587.csv,19,0,
天银机电_1300342.csv,0,0,
天际股份_1002759.csv,16,0,
天雁B股_0900946.csv,1,0,
天音控股_1000829.csv,21,0,
天顺股份_1002800.csv,19,18,
天顺风能_1002531.csv,43,0,
天风证券_0601162.csv,43,43,
天首发展_1000611.csv,52,52,
天马科技_0603668.csv,25,25,
天鹅股份_0603029.csv,33,33,
天齐锂业_1002466.csv,46,46,
天龙光电_1300029.csv,37,33,
天龙股份_0603266.csv,10,0,
天龙集团_1300063.csv,16,16,
太化股份_0600281.csv,8,8,
太原重工_0600169.csv,42,39,
太安堂_1002433.csv,37,37,
太平洋_0601099.csv,19,3,
太平鸟_0603877.csv,21,21,
太极实业_0600667.csv,2,0,
太极股份_1002368.csv,22,0,
太极集团_0600129.csv,19,18,
太空智造_1300344.csv,0,0,
太辰光_1300570.csv,0,0,
太钢不锈_1000825.csv,53,53,
太阳电缆_1002300.csv,23,0,
太阳纸业_1002078.csv,19,19,
太阳能_1000591.csv,43,43,
太龙照明_1300650.csv,43,43,
太龙药业_0600222.csv,24,24,
奇信股份_1002781.csv,56,55,
奇正藏药_1002287.csv,37,33,
奇精机械_0603677.csv,6,0,
奋达科技_1002681.csv,37,29,
奥佳华_1002614.csv,33,0,
奥克股份_1300082.csv,18,18,
奥士康_1002913.csv,41,0,
奥康国际_0603001.csv,42,40,
奥拓电子_1002587.csv,42,42,
奥普光电_1002338.csv,37,0,
奥特佳_1002239.csv,43,43,
奥特迅_1002227.csv,21,21,
奥瑞金_1002701.csv,43,39,
奥维通信_1002231.csv,8,0,
奥翔药业_0603229.csv,28,28,
奥联电子_1300585.csv,40,40,
奥飞娱乐_1002292.csv,36,36,
奥飞数据_1300738.csv,20,0,
奥马电器_1002668.csv,20,0,
好利来_1002729.csv,3,0,
好太太_0603848.csv,7,1,
好当家_0600467.csv,19,19,
好想你_1002582.csv,22,0,
好莱客_0603898.csv,29,29,
如意集团_1002193.csv,38,33,
如通股份_0603036.csv,33,29,
姚记扑克_1002605.csv,22,22,
威创股份_1002308.csv,38,38,
威华股份_1002240.csv,38,38,
威唐工业_1300707.csv,51,0,
威孚高科_1000581.csv,39,39,
威尔泰_1002058.csv,33,33,
威尔药业_0603351.csv,54,54,
威帝股份_0603023.csv,37,37,
威星智能_1002849.csv,18,0,
威派格_0603956.csv,32,22,
威海广泰_1002111.csv,33,33,
威龙股份_0603779.csv,33,33,
孚日股份_1002083.csv,25,0,
宁夏建材_0600449.csv,30,0,
宁德时代_1300750.csv,2,0,
宁沪高速_0600377.csv,18,18,
宁波东力_1002164.csv,49,49,
宁波中百_0600857.csv,28,27,
宁波华翔_1002048.csv,18,18,
宁波富达_0600724.csv,28,26,
宁波富邦_0600768.csv,48,44,
宁波建工_0601789.csv,36,0,
宁波水表_0603700.csv,52,52,
宁波海运_0600798.csv,26,26,
宁波港_0601018.csv,0,0,
宁波热电_0600982.csv,20,20,
宁波精达_0603088.csv,8,0,
宁波联合_0600051.csv,28,19,
宁波银行_1002142.csv,18,17,
宁波韵升_0600366.csv,0,0,
宁波高发_0603788.csv,19,19,
宁通信B_1200468.csv,8,8,
宇信科技_1300674.csv,51,0,
宇晶股份_1002943.csv,74,74,
宇环数控_1002903.csv,0,0,
宇通客车_0600066.csv,17,17,
宇顺电子_1002289.csv,0,0,
安井食品_0603345.csv,3,0,
安信信托_0600816.csv,44,44,
安凯客车_1000868.csv,5,2,
安利股份_1300218.csv,37,37,
安图生物_0603658.csv,34,0,
安奈儿_1002875.csv,43,43,
安妮股份_1002235.csv,18,0,
安居宝_1300155.csv,36,0,
安彩高科_0600207.csv,12,0,
安德利_0603031.csv,33,29,
安徽合力_0600761.csv,18,18,
安徽水利_0600502.csv,29,0,
安控科技_1300370.csv,35,35,
安正时尚_0603839.csv,20,19,
安泰科技_1000969.csv,15,0,
安洁科技_1002635.csv,40,0,
安琪酵母_0600298.csv,43,0,
安硕信息_1300380.csv,33,0,
安科瑞_1300286.csv,33,33,
安科生物_1300009.csv,42,40,
安纳达_1002136.csv,37,19,
安记食品_0603696.csv,36,29,
安诺其_1300067.csv,24,24,
安车检测_1300572.csv,19,0,
安达维尔_1300719.csv,41,41,
安迪苏_0600299.csv,19,15,
安通控股_0600179.csv,17,0,
安道麦A_1000553.csv,19,19,
安道麦B_1200553.csv,0,0,
安阳钢铁_0600569.csv,43,43,
安靠智电_1300617.csv,37,37,
宋城演艺_1300144.csv,26,26,
宋都股份_0600077.csv,20,0,
完美世界_1002624.csv,48,48,
宏创控股_1002379.csv,18,18,
宏发股份_0600885.csv,69,55,
宏图高科_0600122.csv,43,38,
宏大爆破_1002683.csv,19,0,
宏川智慧_1002930.csv,18,18,
宏昌电子_0603002.csv,18,18,
宏润建设_1002062.csv,43,0,
宏盛股份_0603090.csv,0,0,
宏辉果蔬_0603336.csv,40,40,
宏达新材_1002211.csv,8,8,
宏达电子_1300726.csv,43,43,
宏达矿业_0600532.csv,19,18,
宏达股份_0600331.csv,38,0,
宏达高科_1002144.csv,40,40,
宗申动力_1001696.csv,8,8,
宜华健康_1000150.csv,43,0,
宜华木业_0600978.csv,18,18,
宜安科技_1300328.csv,0,0,
宜宾纸业_0600793.csv,15,15,
宜昌交运_1002627.csv,20,0,
宜通世纪_1300310.csv,1,0,
宝信B_0900926.csv,8,0,
宝信软件_0600845.csv,2,0,
宝光股份_0600379.csv,8,0,
宝利国际_1300135.csv,19,18,
宝塔实业_1000595.csv,19,0,
宝德股份_1300023.csv,45,45,
宝新能源_1000690.csv,38,38,
宝泰隆_0601011.csv,7,6,
宝胜股份_0600973.csv,19,19,
宝色股份_1300402.csv,19,19,
宝莫股份_1002476.csv,18,18,
宝莱特_1300246.csv,18,18,
宝通科技_1300031.csv,43,0,
宝钛股份_0600456.csv,28,0,
宝钢包装_0601968.csv,19,18,
宝钢股份_0600019.csv,19,19,
宝馨科技_1002514.csv,6,0,
宝鹰股份_1002047.csv,19,19,
实丰文化_1002862.csv,37,36,
实达集团_0600734.csv,40,0,
宣亚国际_1300612.csv,42,0,
家家悦_0603708.csv,10,4,
容大感光_1300576.csv,45,0,
密尔克卫_0603713.csv,19,0,
富临精工_1300432.csv,13,7,
富临运业_1002357.csv,0,0,
富奥B_1200030.csv,18,0,
富奥股份_1000030.csv,28,0,
富安娜_1002327.csv,28,28,
富春环保_1002479.csv,12,12,
富春股份_1300299.csv,7,0,
富森美_1002818.csv,20,20,
富满电子_1300671.csv,38,2,
富瀚微_1300613.csv,51,51,
富煌钢构_1002743.csv,29,29,
富瑞特装_1300228.csv,15,8,
富祥股份_1300497.csv,0,0,
富通鑫茂_1000836.csv,6,0,
富邦股份_1300387.csv,8,0,
寒锐钴业_1300618.csv,43,19,
寿仙谷_0603896.csv,28,0,
小商品城_0600415.csv,40,39,
小天鹅A_1000418.csv,21,21,
小天鹅B_1200418.csv,33,33,
小康股份_0601127.csv,256,256,
尔康制药_1300267.csv,5,5,
尖峰集团_0600668.csv,18,18,
尚品宅配_1300616.csv,19,18,
尚纬股份_0603333.csv,13,0,
尚荣医疗_1002551.csv,33,0,
展鹏科技_0603488.csv,19,5,
山东出版_0601019.csv,19,19,
山东华鹏_0603021.csv,29,29,
山东墨龙_1002490.csv,37,33,
山东威达_1002026.csv,29,0,
山东海化_1000822.csv,19,19,
山东矿机_1002526.csv,39,39,
山东章鼓_1002598.csv,33,29,
山东药玻_0600529.csv,3,0,
山东赫达_1002810.csv,3,0,
山东路桥_1000498.csv,19,19,
山东金泰_0600385.csv,0,0,
山东钢铁_0600022.csv,43,43,
山东高速_0600350.csv,29,29,
山东黄金_0600547.csv,71,0,
山大华特_1000915.csv,19,19,
山推股份_1000680.csv,6,6,
山河智能_1002097.csv,19,0,
山河药辅_1300452.csv,43,0,
山煤国际_0600546.csv,14,14,
山西汾酒_0600809.csv,28,1,
山西焦化_0600740.csv,17,17,
山西证券_1002500.csv,19,19,
山西路桥_1000755.csv,6,3,
山鹰纸业_0600567.csv,40,38,
山鼎设计_1300492.csv,8,0,
岭南控股_1000524.csv,16,16,
岭南股份_1002717.csv,33,33,
岱勒新材_1300700.csv,19,0,
岱美股份_0603730.csv,36,0,
岳阳兴长_1000819.csv,21,20,
岳阳林纸_0600963.csv,6,0,
岷江水电_0600131.csv,13,4,
峨眉山A_1000888.csv,29,29,
崇达技术_1002815.csv,8,0,
川仪股份_0603100.csv,19,0,
川大智胜_1002253.csv,48,0,
川恒股份_1002895.csv,8,0,
川投能源_0600674.csv,63,61,
川润股份_1002272.csv,18,0,
川环科技_1300547.csv,44,44,
川能动力_1000155.csv,19,18,
川金诺_1300505.csv,48,0,
工业富联_0601138.csv,8,8,
工商银行_0601398.csv,15,15,
巨人网络_1002558.csv,115,86,
巨力索具_1002342.csv,33,33,
巨化股份_0600160.csv,21,21,
巨星科技_1002444.csv,33,0,
巨轮智能_1002031.csv,44,43,
巴安水务_1300262.csv,5,5,
市北B股_0900902.csv,19,19,
市北高新_0600604.csv,37,19,
希努尔_1002485.csv,41,19,
帝欧家居_1002798.csv,0,0,
常宝股份_1002478.csv,19,19,
常山北明_1000158.csv,37,0,
常山药业_1300255.csv,16,16,
常熟汽饰_0603035.csv,33,19,
常熟银行_0601128.csv,18,0,
常铝股份_1002160.csv,43,43,
常青股份_0603768.csv,29,19,
平安银行_1000001.csv,8,8,
平庄能源_1000780.csv,0,0,
平治信息_1300571.csv,48,48,
平潭发展_1000592.csv,7,7,
平煤股份_0601666.csv,8,2,
平高电气_0600312.csv,73,0,
幸福蓝海_1300528.csv,38,19,
广东明珠_0600382.csv,19,19,
广东榕泰_0600589.csv,2,0,
广东甘化_1000576.csv,14,14,
广东骏亚_0603386.csv,48,48,
广东鸿图_1002101.csv,43,43,
广信材料_1300537.csv,16,16,
广信股份_0603599.csv,18,0,
广博股份_1002103.csv,19,19,
广发证券_1000776.csv,19,19,
广和通_1300638.csv,33,33,
广哈通信_1300711.csv,9,0,
广宇发展_1000537.csv,42,33,
广宇集团_1002133.csv,43,43,
广安爱众_0600979.csv,44,44,
广州发展_0600098.csv,28,19,
广州浪奇_1000523.csv,28,28,
广州港_0601228.csv,29,29,
广州酒家_0603043.csv,7,0,
广弘控股_1000529.csv,8,8,
广日股份_0600894.csv,0,0,
广晟有色_0600259.csv,28,28,
广汇汽车_0600297.csv,21,19,
广汇物流_0600603.csv,28,28,
广汇能源_0600256.csv,33,33,
广汽集团_0601238.csv,15,15,
广泽股份_0600882.csv,2,0,
广济药业_1000952.csv,38,38,
广深铁路_0601333.csv,66,66,
广生堂_1300436.csv,8,6,
广田集团_1002482.csv,39,39,
广电电气_0601616.csv,48,44,
广电网络_0600831.csv,1,1,
广电运通_1002152.csv,37,0,
广百股份_1002187.csv,29,19,
广联达_1002410.csv,2,0,
广聚能源_1000096.csv,38,0,
广西广电_0600936.csv,28,19,
广誉远_0600771.csv,16,0,
庄园牧场_1002910.csv,2,1,
应流股份_0603308.csv,28,28,
庞大集团_0601258.csv,42,42,
康力电梯_1002367.csv,16,16,
康尼机电_0603111.csv,18,13,
康弘药业_1002773.csv,4,0,
康强电子_1002119.csv,34,34,
康德莱_0603987.csv,29,29,
康恩贝_0600572.csv,0,0,
康惠制药_0603139.csv,29,0,
康拓红外_1300455.csv,19,19,
康斯特_1300445.csv,20,20,
康旗股份_1300061.csv,54,52,
康普顿_0603798.csv,0,0,
康欣新材_0600076.csv,37,19,
康泰生物_1300601.csv,19,2,
康盛股份_1002418.csv,0,0,
康缘药业_0600557.csv,18,18,
康美药业_0600518.csv,19,18,
康芝药业_1300086.csv,7,0,
康辰药业_0603590.csv,38,38,
康达新材_1002669.csv,8,8,
康隆达_0603665.csv,50,0,
康龙化成_1300759.csv,45,0,
延华智能_1002178.csv,33,33,
延安必康_1002411.csv,96,0,
延江股份_1300658.csv,30,30,
延长化建_0600248.csv,2,2,
建发股份_0600153.csv,1,1,
建投能源_1000600.csv,27,0,
建新股份_1300107.csv,20,0,
建研院_0603183.csv,7,7,
建研集团_1002398.csv,17,17,
建科院_1300675.csv,52,52,
建艺集团_1002789.csv,18,0,
建设机械_0600984.csv,16,0,
建设银行_0601939.csv,9,9,
建车B_1200054.csv,0,0,
开元股份_1300338.csv,0,0,
开创国际_0600097.csv,49,49,
开尔新材_1300234.csv,15,15,
开山股份_1300257.csv,44,43,
开开B股_0900943.csv,38,38,
开开实业_0600272.csv,37,33,
开润股份_1300577.csv,17,17,
开滦股份_0600997.csv,19,0,
开立医疗_1300633.csv,4,0,
开能健康_1300272.csv,42,42,
引力传媒_0603598.csv,29,29,
弘业股份_0600128.csv,43,43,
弘亚数控_1002833.csv,28,2,
弘宇股份_1002890.csv,33,33,
弘讯科技_0603015.csv,43,0,
弘高创意_1002504.csv,37,37,
张家港行_1002839.csv,44,44,
张家界_1000430.csv,25,0,
张江高科_0600895.csv,33,33,
张裕A_1000869.csv,28,19,
张裕B_1200869.csv,8,7,
强力新材_1300429.csv,97,97,
强生控股_0600662.csv,29,0,
当代东方_1000673.csv,40,19,
当代明诚_0600136.csv,7,7,
当升科技_1300073.csv,99,99,
彤程新材_0603650.csv,43,43,
彩虹股份_0600707.csv,49,29,
彩讯股份_1300634.csv,38,38,
徐家汇_1002561.csv,19,19,
徐工机械_1000425.csv,16,16,
徕木股份_0603633.csv,38,38,
得利斯_1002330.csv,2,1,
得润电子_1002055.csv,44,44,
得邦照明_0603303.csv,29,28,
御家汇_1300740.csv,52,52,
御银股份_1002177.csv,18,0,
微光股份_1002801.csv,21,0,
德创环保_0603177.csv,2,2,
德力股份_1002571.csv,19,19,
德威新材_1300325.csv,6,6,
德宏股份_0603701.csv,18,0,
德尔未来_1002631.csv,5,5,
德尔股份_1300473.csv,43,43,
德展健康_1000813.csv,27,27,
德新交运_0603032.csv,19,19,
德生科技_1002908.csv,23,0,
德美化工_1002054.csv,0,0,
德联集团_1002666.csv,3,3,
德艺文创_1300640.csv,8,0,
德豪润达_1002005.csv,48,48,
德赛电池_1000049.csv,53,51,
德赛西威_1002920.csv,28,28,
德邦股份_0603056.csv,19,19,
必创科技_1300667.csv,33,33,
志邦家居_0603801.csv,23,22,
快克股份_0603203.csv,51,49,
快意电梯_1002774.csv,53,53,
思创医惠_1300078.csv,37,0,
思源电气_1002028.csv,19,19,
思特奇_1300608.csv,2,0,
思维列控_0603508.csv,2,0,
思美传媒_1002712.csv,43,0,
怡亚通_1002183.csv,18,18,
怡球资源_0601388.csv,43,43,
怡达股份_1300721.csv,40,40,
恒丰纸业_0600356.csv,35,35,
恒为科技_0603496.csv,19,2,
恒久科技_1002808.csv,9,0,
恒信东方_1300081.csv,10,8,
恒力股份_0600346.csv,8,8,
恒基达鑫_1002492.csv,19,19,
恒大高新_1002591.csv,44,38,
恒天海龙_1000677.csv,24,24,
恒宝股份_1002104.csv,36,0,
恒康医疗_1002219.csv,43,43,
恒星科技_1002132.csv,18,18,
恒林股份_0603661.csv,20,19,
恒泰实达_1300513.csv,37,0,
恒泰艾普_1300157.csv,19,19,
恒润股份_0603985.csv,53,53,
恒源煤电_0600971.csv,18,16,
恒瑞医药_0600276.csv,53,3,
恒生电子_0600570.csv,19,19,
恒立实业_1000622.csv,48,48,
恒立液压_0601100.csv,39,38,
恒通科技_1300374.csv,43,43,
恒通股份_0603223.csv,33,33,
恒逸石化_1000703.csv,21,19,
恒邦股份_1002237.csv,18,0,
恒铭达_1002947.csv,49,49,
恒银金融_0603106.csv,43,0,
恒锋信息_1300605.csv,0,0,
恒锋工具_1300488.csv,0,0,
恒顺众N_1300208.csv,21,21,
恒顺醋业_0600305.csv,21,21,
恩华药业_1002262.csv,33,33,
恩捷股份_1002812.csv,43,0,
恺英网络_1002517.csv,44,44,
悦心健康_1002162.csv,19,19,
悦达投资_0600805.csv,18,18,
惠伦晶体_1300460.csv,48,46,
惠博普_1002554.csv,18,16,
惠发股份_0603536.csv,18,18,
惠天热电_1000692.csv,19,18,
惠威科技_1002888.csv,23,23,
惠泉啤酒_0600573.csv,30,30,
惠而浦_0600983.csv,28,0,
惠达卫浴_0603385.csv,40,29,
意华股份_1002897.csv,28,28,
慈文传媒_1002343.csv,41,41,
慈星股份_1300307.csv,37,0,
成都路桥_1002628.csv,17,17,
成都银行_0601838.csv,18,15,
成飞集成_1002190.csv,16,16,
我乐家居_0603326.csv,29,27,
我武生物_1300357.csv,1,0,
我爱我家_1000560.csv,29,29,
戴维医疗_1300314.csv,46,46,
扬农化工_0600486.csv,18,18,
扬子新材_1002652.csv,19,0,
扬杰科技_1300373.csv,53,53,
承德露露_1000848.csv,48,48,
报喜鸟_1002154.csv,38,38,
拉夏贝尔_0603157.csv,46,46,
拉芳家化_0603630.csv,37,36,
拓尔思_1300229.csv,6,0,
拓斯达_1300607.csv,19,19,
拓日新能_1002218.csv,40,40,
拓普集团_0601689.csv,40,39,
拓维信息_1002261.csv,2,0,
拓邦股份_1002139.csv,7,0,
招商公路_1001965.csv,48,44,
招商港口_1001872.csv,21,21,
招商蛇口_1001979.csv,28,28,
招商证券_0600999.csv,19,0,
招商轮船_0601872.csv,19,19,
招商银行_0600036.csv,17,17,
振东制药_1300158.csv,7,5,
振兴生化_1000403.csv,7,0,
振华B股_0900947.csv,42,0,
振华科技_1000733.csv,36,0,
振华股份_0603067.csv,20,0,
振华重工_0600320.csv,19,19,
振德医疗_0603301.csv,21,21,
振江股份_0603507.csv,69,69,
振芯科技_1300101.csv,43,43,
振静股份_0603477.csv,48,48,
捷佳伟创_1300724.csv,74,62,
捷成股份_1300182.csv,33,0,
捷昌驱动_0603583.csv,8,7,
捷荣技术_1002855.csv,26,0,
捷顺科技_1002609.csv,37,37,
掌趣科技_1300315.csv,19,0,
掌阅科技_0603533.csv,18,18,
探路者_1300005.csv,29,0,
搜于特_1002503.csv,28,28,
摩恩电气_1002451.csv,3,0,
摩登大道_1002656.csv,0,0,
攀钢钒钛_1000629.csv,18,18,
敦煌种业_0600354.csv,38,37,
数字政通_1300075.csv,19,0,
数字认证_1300579.csv,31,31,
数据港_0603881.csv,27,0,
数源科技_1000909.csv,7,0,
数知科技_1300038.csv,37,0,
数码科技_1300079.csv,0,0,
文一科技_0600520.csv,48,44,
文化长城_1300089.csv,38,38,
文山电力_0600995.csv,17,17,
文峰股份_0601010.csv,35,35,
文投控股_0600715.csv,43,43,
文灿股份_0603348.csv,53,53,
文科园林_1002775.csv,9,9,
斯太尔_1000760.csv,19,13,
斯莱克_1300382.csv,25,24,
新世界_0600628.csv,29,29,
新乡化纤_1000949.csv,29,0,
新乳业_1002946.csv,50,50,
新五丰_0600975.csv,15,15,
新亚制程_1002388.csv,19,0,
新余国科_1300722.csv,29,29,
新元科技_1300472.csv,2,2,
新光药业_1300519.csv,40,0,
新兴装备_1002933.csv,43,43,
新兴铸管_1000778.csv,19,0,
新农开发_0600359.csv,25,25,
新农股份_1002942.csv,67,67,
新凤鸣_0603225.csv,19,19,
新力金融_0600318.csv,19,19,
新劲刚_1300629.csv,43,43,
新北洋_1002376.csv,74,0,
新华传媒_0600825.csv,47,47,
新华保险_0601336.csv,9,9,
新华制药_1000756.csv,19,18,
新华医疗_0600587.csv,38,38,
新华文轩_0601811.csv,0,0,
新华百货_0600785.csv,2,1,
新华网_0603888.csv,18,18,
新华联_1000620.csv,43,41,
新华都_1002264.csv,43,43,
新华锦_0600735.csv,19,19,
新和成_1002001.csv,18,16,
新国都_1300130.csv,5,2,
新坐标_0603040.csv,19,19,
新城控股_0601155.csv,3,0,
新大洲A_1000571.csv,8,8,
新大陆_1000997.csv,3,0,
新天然气_0603393.csv,29,29,
新天科技_1300259.csv,18,0,
新天药业_1002873.csv,43,43,
新奥股份_0600803.csv,19,8,
新宁物流_1300013.csv,28,0,
新安股份_0600596.csv,30,30,
新宏泰_0603016.csv,48,48,
新宏泽_1002836.csv,21,0,
新宙邦_1300037.csv,61,55,
新宝股份_1002705.csv,21,21,
新希望_1000876.csv,1,0,
新开普_1300248.csv,37,0,
新开源_1300109.csv,0,0,
新文化_1300336.csv,43,43,
新日恒力_0600165.csv,18,18,
新日股份_0603787.csv,13,13,
新时达_1002527.csv,37,0,
新易盛_1300502.csv,8,0,
新晨科技_1300542.csv,0,0,
新智认知_0603869.csv,19,19,
新朋股份_1002328.csv,0,0,
新泉股份_0603179.csv,48,46,
新洋丰_1000902.csv,33,0,
新海宜_1002089.csv,2,1,
新湖中宝_0600208.csv,43,43,
新潮能源_0600777.csv,18,18,
新澳股份_0603889.csv,19,19,
新界泵业_1002532.csv,20,19,
新疆交建_1002941.csv,49,49,
新疆众和_0600888.csv,27,27,
新疆天业_0600075.csv,15,15,
新疆浩源_1002700.csv,43,43,
新疆火炬_0603080.csv,46,44,
新研股份_1300159.csv,43,43,
新筑股份_1002480.csv,8,0,
新纶科技_1002341.csv,272,121,
新经典_0603096.csv,6,5,
新美星_1300509.csv,14,14,
新联电子_1002546.csv,33,0,
新莱应材_1300260.csv,25,0,
新赛股份_0600540.csv,19,19,
新通联_0603022.csv,35,35,
新野纺织_1002087.csv,33,33,
新钢股份_0600782.csv,43,19,
新集能源_0601918.csv,18,18,
新雷能_1300593.csv,7,0,
新黄浦_0600638.csv,27,0,
方大B_1200055.csv,53,0,
方大炭素_0600516.csv,17,0,
方大特钢_0600507.csv,19,19,
方大集团_1000055.csv,29,0,
方正电机_1002196.csv,8,0,
方正科技_0600601.csv,36,35,
方正证券_0601901.csv,19,19,
方盛制药_0603998.csv,11,11,
方直科技_1300235.csv,19,0,
旋极信息_1300324.csv,39,0,
旗滨集团_0601636.csv,44,21,
无锡银行_0600908.csv,19,19,
日上集团_1002593.csv,19,18,
日出东方_0603366.csv,43,0,
日发精机_1002520.csv,43,0,
日播时尚_0603196.csv,43,43,
日月股份_0603218.csv,32,0,
日机密封_1300470.csv,19,19,
日海智能_1002313.csv,53,0,
日照港_0600017.csv,28,0,
日盈电子_0603286.csv,38,38,
日科化学_1300214.csv,8,8,
旭光股份_0600353.csv,19,0,
旭升股份_0603305.csv,53,53,
时代万恒_0600241.csv,19,19,
时代出版_0600551.csv,33,19,
时代新材_0600458.csv,17,17,
旷达科技_1002516.csv,18,18,
旺能环境_1002034.csv,2,2,
昂利康_1002940.csv,53,53,
昂立教育_0600661.csv,44,0,
昆仑万维_1300418.csv,19,0,
昆药集团_0600422.csv,15,14,
N兴股份_1002752.csv,49,44,
昊华能源_0601101.csv,19,18,
昊志机电_1300503.csv,45,0,
昌红科技_1300151.csv,29,8,
明德生物_1002932.csv,43,43,
明星电力_0600101.csv,19,19,
明泰铝业_0601677.csv,28,21,
明牌珠宝_1002574.csv,29,29,
明阳智能_0601615.csv,1,0,
明阳电路_1300739.csv,0,0,
易世达_1300125.csv,2,2,
易事特_1300376.csv,0,0,
易华录_1300212.csv,0,0,
易尚展示_1002751.csv,39,39,
易德龙_0603380.csv,28,7,
易成新能_1300080.csv,19,19,
易明医药_1002826.csv,43,40,
易联众_1300096.csv,49,48,
易见股份_0600093.csv,20,20,
星云股份_1300648.csv,33,33,
星光农机_0603789.csv,40,11,
星宇股份_0601799.csv,5,0,
星帅尔_1002860.csv,44,44,
星徽精密_1300464.csv,36,0,
星星科技_1300256.csv,48,48,
星普医科_1300143.csv,53,0,
星期六_1002291.csv,28,19,
星湖科技_0600866.csv,17,0,
星源材质_1300568.csv,19,19,
星网宇达_1002829.csv,23,23,
星网锐捷_1002396.csv,13,0,
星辉娱乐_1300043.csv,35,35,
春光科技_0603657.csv,52,0,
春兰股份_0600854.csv,18,18,
春兴精工_1002547.csv,2,2,
春秋电子_0603890.csv,0,0,
春秋航空_0601021.csv,3,2,
春风动力_0603129.csv,28,0,
昭衍新药_0603127.csv,8,6,
晋亿实业_0601002.csv,18,0,
晋西车轴_0600495.csv,33,33,
晓程科技_1300139.csv,33,33,
晨丰科技_0603685.csv,21,0,
晨光文具_0603899.csv,4,2,
晨光生物_1300138.csv,7,7,
晨化股份_1300610.csv,33,33,
晨曦航空_1300581.csv,44,44,
晨鑫科技_1002447.csv,22,0,
晨鸣纸业_1000488.csv,52,52,
普丽盛_1300442.csv,37,0,
普利制药_1300630.csv,5,5,
普利特_1002324.csv,21,20,
普洛药业_1000739.csv,0,0,
普莱柯_0603566.csv,2,2,
普路通_1002769.csv,43,43,
普邦股份_1002663.csv,19,19,
景兴纸业_1002067.csv,40,33,
景嘉微_1300474.csv,43,43,
景峰医药_1000908.csv,20,20,
景旺电子_0603228.csv,44,10,
晶华新材_0603683.csv,33,33,
晶方科技_0603005.csv,37,0,
晶瑞股份_1300655.csv,44,44,
晶盛机电_1300316.csv,44,0,
智云股份_1300097.csv,8,8,
智光电气_1002169.csv,34,0,
智动力_1300686.csv,2,0,
智度股份_1000676.csv,45,44,
智慧松德_1300173.csv,19,19,
智慧能源_0600869.csv,43,0,
智能自控_1002877.csv,19,18,
智飞生物_1300122.csv,8,0,
暴风集团_1300431.csv,43,43,
曙光股份_0600303.csv,7,0,
曲江文旅_0600706.csv,26,26,
曲美家居_0603818.csv,28,0,
有研新材_0600206.csv,25,25,
朗博科技_0603655.csv,27,0,
朗姿股份_1002612.csv,43,43,
朗新科技_1300682.csv,3,3,
朗源股份_1300175.csv,19,0,
朗玛信息_1300288.csv,10,0,
朗科智能_1300543.csv,37,0,
朗科科技_1300042.csv,2,0,
朗迪集团_0603726.csv,46,46,
木林森_1002745.csv,47,47,
未名医药_1002581.csv,17,17,
本钢板B_1200761.csv,43,0,
本钢板材_1000761.csv,29,29,
机器人_1300024.csv,37,37,
机电B股_0900925.csv,19,19,
杉杉股份_0600884.csv,53,53,
来伊份_0603777.csv,0,0,
杭叉集团_0603298.csv,28,21,
杭州园林_1300649.csv,44,44,
杭州解百_0600814.csv,29,29,
杭州银行_0600926.csv,19,19,
杭州高新_1300478.csv,2,0,
杭氧股份_1002430.csv,18,17,
杭汽轮B_1200771.csv,21,21,
杭电股份_0603618.csv,17,0,
杭萧钢构_0600477.csv,36,36,
杭钢股份_0600126.csv,33,30,
杭锅股份_1002534.csv,19,18,
杭齿前进_0601177.csv,54,54,
杰克股份_0603337.csv,54,43,
杰恩设计_1300668.csv,29,0,
杰瑞股份_1002353.csv,20,19,
杰赛科技_1002544.csv,20,0,
松发股份_0603268.csv,2,0,
松芝股份_1002454.csv,10,0,
林州重机_1002535.csv,33,33,
林洋能源_0601222.csv,0,0,
林海股份_0600099.csv,11,2,
柏堡龙_1002776.csv,3,0,
柘中股份_1002346.csv,33,33,
柯利达_0603828.csv,12,2,
柳工_1000528.csv,19,19,
柳药股份_0603368.csv,4,0,
柳钢股份_0601003.csv,65,64,
标准股份_0600302.csv,33,33,
栖霞建设_0600533.csv,29,29,
株冶集团_0600961.csv,43,43,
格力地产_0600185.csv,28,21,
格力电器_1000651.csv,9,9,
格尔软件_0603232.csv,21,21,
格林美_1002340.csv,19,19,
桂东电力_0600310.csv,37,36,
桂冠电力_0600236.csv,28,19,
桂发祥_1002820.csv,29,0,
桂林三金_1002275.csv,33,29,
桂林旅游_1000978.csv,28,26,
桐昆股份_0601233.csv,18,16,
梅安森_1300275.csv,0,0,
梅花生物_0600873.csv,19,19,
梅轮电梯_0603321.csv,58,58,
梅雁吉祥_0600868.csv,11,11,
梦洁股份_1002397.csv,18,18,
梦百合_0603313.csv,2,2,
梦网集团_1002123.csv,33,32,
梦舟股份_0600255.csv,42,42,
棒杰股份_1002634.csv,10,6,
棕榈股份_1002431.csv,43,42,
森源电气_1002358.csv,166,166,
森特股份_0603098.csv,54,0,
森远股份_1300210.csv,43,43,
森霸传感_1300701.csv,43,43,
森马服饰_1002563.csv,30,0,
楚天科技_1300358.csv,38,19,
楚天高速_0600035.csv,33,33,
楚江新材_1002171.csv,36,0,
榕基软件_1002474.csv,19,19,
模塑科技_1000700.csv,15,12,
横店东磁_1002056.csv,18,8,
横店影视_0603103.csv,44,44,
横河模具_1300539.csv,36,36,
欢瑞世纪_1000892.csv,47,47,
欣天科技_1300615.csv,53,0,
欣旺达_1300207.csv,8,0,
欣锐科技_1300745.csv,48,48,
欣龙控股_1000955.csv,0,0,
欧亚集团_0600697.csv,44,44,
欧普康视_1300595.csv,1,0,
欧普照明_0603515.csv,28,0,
欧比特_1300053.csv,43,43,
欧派家居_0603833.csv,23,19,
欧浦智网_1002711.csv,2,2,
欧菲科技_1002456.csv,48,48,
歌力思_0603808.csv,43,0,
歌华有线_0600037.csv,38,38,
歌尔股份_1002241.csv,0,0,
正业科技_1300410.csv,49,49,
正丹股份_1300641.csv,33,19,
正元智慧_1300645.csv,42,0,
正川股份_0603976.csv,0,0,
正平股份_0603843.csv,0,0,
正泰电器_0601877.csv,67,33,
正海生物_1300653.csv,1,0,
正海磁材_1300224.csv,47,0,
正虹科技_1000702.csv,2,2,
正裕工业_0603089.csv,0,0,
正邦科技_1002157.csv,4,2,
步森股份_1002569.csv,17,17,
步步高_1002251.csv,43,43,
步长制药_0603858.csv,17,2,
武汉中商_1000785.csv,53,53,
武汉控股_0600168.csv,15,15,
武进不锈_0603878.csv,0,0,
毅昌股份_1002420.csv,38,38,
比亚迪_1002594.csv,8,8,
比音勒芬_1002832.csv,17,0,
民丰特纸_0600235.csv,43,41,
民和股份_1002234.csv,3,1,
民德电子_1300656.csv,48,44,
民生控股_1000416.csv,11,0,
民生银行_0600016.csv,19,19,
氯碱B股_0900908.csv,18,18,
氯碱化工_0600618.csv,19,18,
水井坊_0600779.csv,8,0,
水星家纺_0603365.csv,0,0,
水晶光电_1002273.csv,9,0,
永东股份_1002753.csv,43,43,
永兴特钢_1002756.csv,19,19,
永创智能_0603901.csv,38,38,
永利股份_1300230.csv,19,19,
永吉股份_0603058.csv,53,0,
永和智控_1002795.csv,48,48,
永太科技_1002326.csv,18,18,
永安林业_1000663.csv,33,33,
永安药业_1002365.csv,19,0,
永安行_0603776.csv,47,47,
永悦科技_0603879.csv,26,26,
永新光学_0603297.csv,45,43,
永新股份_1002014.csv,33,0,
永泰能源_0600157.csv,18,7,
永清环保_1300187.csv,43,43,
永福股份_1300712.csv,38,38,
永艺股份_0603600.csv,28,0,
永贵电器_1300351.csv,12,0,
永辉超市_0601933.csv,0,0,
永高股份_1002641.csv,9,0,
永鼎股份_0600105.csv,6,6,
汇中股份_1300371.csv,18,0,
汇丽B_0900939.csv,43,0,
汇嘉时代_0603101.csv,53,52,
汇川技术_1300124.csv,15,15,
汇得科技_0603192.csv,52,51,
汇洁股份_1002763.csv,19,19,
汇源通信_1000586.csv,18,0,
汇纳科技_1300609.csv,19,0,
汇通能源_0600605.csv,29,29,
汇金科技_1300561.csv,0,0,
汇金股份_1300368.csv,19,0,
汇金通_0603577.csv,18,18,
汇顶科技_0603160.csv,7,0,
汇鸿集团_0600981.csv,21,0,
汉商集团_0600774.csv,38,38,
汉嘉设计_1300746.csv,26,26,
汉威科技_1300007.csv,20,0,
汉宇集团_1300403.csv,37,33,
汉得信息_1300170.csv,36,0,
汉森制药_1002412.csv,19,18,
汉王科技_1002362.csv,42,0,
汉缆股份_1002498.csv,6,0,
汉邦高科_1300449.csv,43,0,
汉钟精机_1002158.csv,2,0,
汉鼎宇佑_1300300.csv,41,0,
江中药业_0600750.csv,15,15,
江丰电子_1300666.csv,43,43,
江化微_0603078.csv,48,44,
江南化工_1002226.csv,37,0,
江南水务_0601199.csv,37,29,
江南高纤_0600527.csv,19,19,
江山欧派_0603208.csv,28,28,
江山股份_0600389.csv,15,0,
江河集团_0601886.csv,14,13,
江泉实业_0600212.csv,26,26,
江海股份_1002484.csv,39,39,
江淮汽车_0600418.csv,12,12,
江特电机_1002176.csv,18,8,
江苏吴中_0600200.csv,43,43,
江苏国信_1002608.csv,33,33,
江苏国泰_1002091.csv,16,15,
江苏新能_0603693.csv,53,53,
江苏有线_0600959.csv,37,37,
江苏神通_1002438.csv,26,25,
江苏租赁_0600901.csv,43,43,
江苏索普_0600746.csv,28,0,
江苏舜天_0600287.csv,28,0,
江苏银行_0600919.csv,19,19,
江苏阳光_0600220.csv,33,33,
江苏雷利_1300660.csv,19,19,
江西铜业_0600362.csv,19,19,
江西长运_0600561.csv,18,18,
江铃B_1200550.csv,19,17,
江铃汽车_1000550.csv,16,2,
江阴银行_1002807.csv,75,75,
江龙船艇_1300589.csv,33,33,
汤臣倍健_1300146.csv,0,0,
沃华医药_1002107.csv,29,29,
沃尔核材_1002130.csv,19,18,
沃施股份_1300483.csv,4,4,
沃格光电_0603773.csv,54,54,
沃森生物_1300142.csv,8,8,
沃特股份_1002886.csv,8,8,
沈阳化工_1000698.csv,1,0,
沈阳机床_1000410.csv,43,43,
沙河股份_1000014.csv,44,44,
沙钢股份_1002075.csv,46,44,
沧州大化_0600230.csv,18,18,
沧州明珠_1002108.csv,43,43,
沪宁股份_1300669.csv,28,19,
沪电股份_1002463.csv,9,8,
河北宣工_1000923.csv,21,21,
河钢股份_1000709.csv,43,42,
法兰泰克_0603966.csv,14,0,
法尔胜_1000890.csv,2,0,
法拉电子_0600563.csv,67,0,
泛微网络_0603039.csv,1,1,
泛海控股_1000046.csv,19,19,
波导股份_0600130.csv,37,0,
泰合健康_1000790.csv,18,18,
泰和新材_1002254.csv,20,20,
泰嘉股份_1002843.csv,27,27,
泰尔股份_1002347.csv,2,0,
泰山石油_1000554.csv,21,19,
泰晶科技_0603738.csv,7,7,
泰格医药_1300347.csv,1,0,
泰永长征_1002927.csv,53,53,
泰瑞机器_0603289.csv,38,2,
泰禾光电_0603656.csv,38,38,
泰禾集团_1000732.csv,19,0,
泰胜风能_1300129.csv,29,0,
泰豪科技_0600590.csv,0,0,
泰达股份_1000652.csv,33,33,
泸州老窖_1000568.csv,0,0,
洁美科技_1002859.csv,53,0,
洋河股份_1002304.csv,21,21,
洛凯股份_0603829.csv,33,29,
洛阳玻璃_0600876.csv,19,18,
洛阳钼业_0603993.csv,44,44,
津劝业_0600821.csv,38,38,
津滨发展_1000897.csv,19,19,
津膜科技_1300334.csv,37,37,
洪城水业_0600461.csv,19,19,
洪汇新材_1002802.csv,29,0,
洪涛股份_1002325.csv,43,43,
洪都航空_0600316.csv,24,0,
洲明科技_1300232.csv,33,33,
洲际油气_0600759.csv,7,7,
洽洽食品_1002557.csv,7,7,
派思股份_0603318.csv,8,0,
济川药业_0600566.csv,18,16,
济民制药_0603222.csv,10,10,
浔兴股份_1002098.csv,52,0,
浙商中拓_1000906.csv,8,0,
浙商证券_0601878.csv,36,19,
浙大网新_0600797.csv,37,0,
浙富控股_1002266.csv,12,12,
浙数文化_0600633.csv,42,42,
浙江世宝_1002703.csv,15,15,
浙江东方_0600120.csv,37,37,
浙江东日_0600113.csv,19,19,
浙江交科_1002061.csv,56,54,
浙江仙通_0603239.csv,43,0,
浙江众成_1002522.csv,15,0,
浙江医药_0600216.csv,18,1,
浙江富润_0600070.csv,33,0,
浙江广厦_0600052.csv,28,28,
浙江永强_1002489.csv,4,0,
浙江美大_1002677.csv,21,1,
浙江震元_1000705.csv,19,18,
浙江鼎力_0603338.csv,31,2,
浙江龙盛_0600352.csv,17,17,
浙能电力_0600023.csv,43,43,
浦东建设_0600284.csv,24,24,
浦东金桥_0600639.csv,0,0,
浦发银行_0600000.csv,18,18,
浩丰科技_1300419.csv,24,20,
浩云科技_1300448.csv,17,16,
浩物股份_1000757.csv,19,0,
浪潮信息_1000977.csv,0,0,
浪潮软件_0600756.csv,19,2,
浪莎股份_0600137.csv,29,0,
海亮股份_1002203.csv,2,1,
海伦哲_1300201.csv,37,37,
海伦钢琴_1300329.csv,28,25,
海信家电_1000921.csv,0,0,
海信电器_0600060.csv,38,38,
海兰信_1300065.csv,24,0,
海兴电力_0603556.csv,44,44,
海创B股_0900955.csv,19,0,
海利尔_0603639.csv,28,28,
海利得_1002206.csv,29,29,
海利生物_0603718.csv,1,1,
海南橡胶_0601118.csv,43,43,
海南海药_1000566.csv,4,3,
海南瑞泽_1002596.csv,39,38,
海南矿业_0601969.csv,18,18,
海南高速_1000886.csv,43,38,
海印股份_1000861.csv,42,42,
海大集团_1002311.csv,2,1,
海天味业_0603288.csv,8,8,
海天精工_0601882.csv,42,42,
海宁皮城_1002344.csv,39,39,
海容冷链_0603187.csv,18,18,
海峡环保_0603817.csv,29,29,
海峡股份_1002320.csv,42,42,
海川智能_1300720.csv,40,40,
海康威视_1002415.csv,53,53,
海得控制_1002184.csv,37,0,
海德股份_1000567.csv,17,10,
海思科_1002653.csv,24,24,
海控B股_0900945.csv,43,43,
海普瑞_1002399.csv,21,21,
海格通信_1002465.csv,20,20,
海欣B股_0900917.csv,43,43,
海欣股份_0600851.csv,32,0,
海欣食品_1002702.csv,19,0,
海正药业_0600267.csv,18,3,
海汽集团_0603069.csv,43,0,
海油工程_0600583.csv,33,29,
海波重科_1300517.csv,29,0,
海泰发展_0600082.csv,33,33,
海洋王_1002724.csv,0,0,
海源复材_1002529.csv,18,18,
海澜之家_0600398.csv,67,67,
海特生物_1300683.csv,19,0,
海特高新_1002023.csv,44,38,
海王生物_1000078.csv,19,19,
海科B_0900938.csv,0,0,
海立B股_0900910.csv,18,18,
海立股份_0600619.csv,18,18,
海翔药业_1002099.csv,14,14,
海联讯_1300277.csv,37,0,
海联金汇_1002537.csv,147,132,
海能达_1002583.csv,19,19,
海航创新_0600555.csv,18,18,
海航基础_0600515.csv,19,18,
海航投资_1000616.csv,43,43,
海航控股_0600221.csv,19,19,
海航科技_0600751.csv,0,0,
海螺型材_1000619.csv,28,28,
海螺水泥_0600585.csv,18,18,
海越能源_0600387.csv,19,19,
海辰药业_1300584.csv,42,41,
海达股份_1300320.csv,39,19,
海通证券_0600837.csv,0,0,
海量数据_0603138.csv,28,0,
海陆重工_1002255.csv,18,2,
海顺新材_1300501.csv,33,2,
海马汽车_1000572.csv,2,2,
海鸥住工_1002084.csv,8,8,
海鸥股份_0603269.csv,29,0,
海默科技_1300084.csv,44,43,
润和软件_1300339.csv,19,0,
润建通信_1002929.csv,45,45,
润欣科技_1300493.csv,10,0,
润禾材料_1300727.csv,43,43,
润达医疗_0603108.csv,19,19,
润邦股份_1002483.csv,19,0,
润都股份_1002923.csv,3,3,
涪陵榨菜_1002507.csv,28,28,
涪陵电力_0600452.csv,18,18,
淮北矿业_0600985.csv,18,18,
深中华A_1000017.csv,43,33,
深中华B_1200017.csv,47,47,
深信服_1300454.csv,8,0,
深冷股份_1300540.csv,15,15,
深华发A_1000020.csv,0,0,
深华发B_1200020.csv,44,0,
深南电A_1000037.csv,25,25,
深南电B_1200037.csv,8,0,
深南电路_1002916.csv,8,0,
深南股份_1002417.csv,1,0,
深圳华强_1000062.csv,0,0,
深圳惠程_1002168.csv,53,53,
深圳新星_0603978.csv,48,48,
深圳机场_1000089.csv,47,45,
深圳燃气_0601139.csv,43,43,
深圳能源_1000027.csv,42,42,
深大通_1000038.csv,48,7,
深天地A_1000023.csv,48,0,
深天马A_1000050.csv,48,19,
深康佳A_1000016.csv,29,29,
深康佳B_1200016.csv,29,0,
深振业A_1000006.csv,29,29,
深桑达A_1000032.csv,37,0,
深深宝A_1000019.csv,43,33,
深深宝B_1200019.csv,50,50,
深物业A_1000011.csv,29,29,
深物业B_1200011.csv,16,0,
深科技_1000021.csv,25,0,
深纺织A_1000045.csv,29,0,
深纺织B_1200045.csv,35,0,
深赛格B_1200058.csv,44,44,
深赛格_1000058.csv,53,53,
深高速_0600548.csv,23,23,
淳中科技_0603516.csv,38,38,
清水源_1300437.csv,44,44,
清源股份_0603628.csv,33,33,
渝三峡A_1000565.csv,16,15,
渝开发_1000514.csv,14,14,
渤海汽车_0600960.csv,8,8,
渤海租赁_1000415.csv,43,43,
渤海股份_1000605.csv,51,48,
渤海轮渡_0603167.csv,22,0,
温州宏丰_1300283.csv,44,44,
温氏股份_1300498.csv,4,3,
游久游戏_0600652.csv,43,43,
游族网络_1002174.csv,40,40,
湖北广电_1000665.csv,38,33,
湖北能源_1000883.csv,43,43,
湖南发展_1000722.csv,26,26,
湖南天雁_0600698.csv,18,0,
湖南投资_1000548.csv,41,41,
湖南海利_0600731.csv,3,0,
湖南盐业_0600929.csv,48,48,
湖南黄金_1002155.csv,52,0,
湘潭电化_1002125.csv,306,127,
湘电股份_0600416.csv,41,0,
湘邮科技_0600476.csv,24,24,
溢多利_1300381.csv,43,38,
滨化股份_0601678.csv,18,18,
滨江集团_1002244.csv,19,19,
滨海能源_1000695.csv,9,9,
漫步者_1002351.csv,38,38,
漳州发展_1000753.csv,18,18,
漳泽电力_1000767.csv,19,19,
潍柴动力_1000338.csv,18,18,
潍柴重机_1000880.csv,27,27,
潜能恒信_1300191.csv,9,9,
潞安环能_0601699.csv,8,8,
潮宏基_1002345.csv,44,44,
澄天伟业_1300689.csv,51,51,
澄星股份_0600078.csv,18,6,
澳柯玛_0600336.csv,29,19,
澳洋健康_1002172.csv,25,25,
澳洋顺昌_1002245.csv,12,0,
激智科技_1300566.csv,24,0,
濮耐股份_1002225.csv,43,40,
濮阳惠成_1300481.csv,50,50,
瀚叶股份_0600226.csv,18,17,
瀚蓝环境_0600323.csv,40,33,
瀛通通讯_1002861.csv,0,0,
火炬电子_0603678.csv,0,0,
灵康药业_0603669.csv,21,21,
炬华科技_1300360.csv,38,0,
炼石航空_1000697.csv,43,43,
烽火电子_1000561.csv,19,0,
烽火通信_0600498.csv,45,45,
焦作万方_1000612.csv,40,40,
焦点科技_1002315.csv,0,0,
煌上煌_1002695.csv,1,0,
熊猫金控_0600599.csv,10,0,
熙菱信息_1300588.csv,49,0,
燕京啤酒_1000729.csv,16,16,
燕塘乳业_1002732.csv,40,40,
爱乐达_1300696.csv,19,0,
爱仕达_1002403.csv,44,44,
爱司凯_1300521.csv,29,0,
爱婴室_0603214.csv,47,0,
爱尔眼科_1300015.csv,1,0,
爱康科技_1002610.csv,13,13,
爱建集团_0600643.csv,44,21,
爱施德_1002416.csv,37,0,
爱普股份_0603020.csv,33,33,
爱朋医疗_1300753.csv,83,0,
爱柯迪_0600933.csv,37,37,
爱迪尔_1002740.csv,17,0,
片仔癀_0600436.csv,21,21,
牧原股份_1002714.csv,18,18,
牧高笛_0603908.csv,4,4,
物产中大_0600704.csv,19,19,
物贸B股_0900927.csv,16,16,
特一药业_1002728.csv,18,18,
特力A_1000025.csv,37,19,
特力B_1200025.csv,36,0,
特发信息_1000070.csv,8,8,
特变电工_0600089.csv,33,33,
特尔佳_1002213.csv,52,0,
特锐德_1300001.csv,0,0,
猛狮科技_1002684.csv,47,47,
獐子岛_1002069.csv,37,37,
玉龙股份_0601028.csv,37,0,
王子新材_1002735.csv,28,8,
王府井_0600859.csv,21,21,
环旭电子_0601231.csv,32,32,
环球印务_1002799.csv,21,0,
环能科技_1300425.csv,16,14,
现代制药_0600420.csv,19,19,
现代投资_1000900.csv,19,19,
玲珑轮胎_0601966.csv,20,20,
珀莱雅_0603605.csv,21,0,
珈伟新能_1300317.csv,8,8,
珍宝岛_0603567.csv,29,28,
珠江啤酒_1002461.csv,16,16,
珠江实业_0600684.csv,47,47,
珠江钢琴_1002678.csv,3,2,
珠海中富_1000659.csv,54,54,
珠海港_1000507.csv,49,49,
理工光科_1300557.csv,35,35,
理工环科_1002322.csv,18,0,
理邦仪器_1300206.csv,8,8,
瑞丰光电_1300241.csv,7,7,
瑞丰高材_1300243.csv,19,19,
瑞凌股份_1300154.csv,28,28,
瑞和股份_1002620.csv,29,0,
瑞尔特_1002790.csv,15,15,
瑞康医药_1002589.csv,33,33,
瑞斯康达_0603803.csv,8,0,
瑞普生物_1300119.csv,12,11,
瑞泰科技_1002066.csv,33,0,
瑞特股份_1300600.csv,54,0,
瑞茂通_0600180.csv,19,19,
瑞贝卡_0600439.csv,37,37,
璞泰来_0603659.csv,44,0,
瓦轴B_1200706.csv,43,43,
甘肃电投_1000791.csv,127,127,
生意宝_1002095.csv,19,19,
生物股份_0600201.csv,1,1,
生益科技_0600183.csv,9,0,
用友网络_0600588.csv,0,0,
田中精机_1300461.csv,15,0,
申万宏源_1000166.csv,19,19,
申华控股_0600653.csv,18,0,
申科股份_1002633.csv,28,0,
申能股份_0600642.csv,29,29,
申达股份_0600626.csv,18,0,
申通地铁_0600834.csv,29,19,
申通快递_1002468.csv,19,19,
电光科技_1002730.csv,19,19,
电子城_0600658.csv,33,33,
电工合金_1300697.csv,18,18,
电广传媒_1000917.csv,39,39,
电科院_1300215.csv,19,19,
电连技术_1300679.csv,9,0,
电魂网络_0603258.csv,40,40,
畅联股份_0603648.csv,33,19,
界龙实业_0600836.csv,34,34,
登云股份_1002715.csv,18,0,
登海种业_1002041.csv,19,19,
白云山_0600332.csv,14,14,
白云机场_0600004.csv,2,0,
白云电器_0603861.csv,44,44,
白银有色_0601212.csv,36,36,
百傲化学_0603360.csv,8,7,
百利电气_0600468.csv,18,13,
百利科技_0603959.csv,3,0,
百合花_0603823.csv,16,0,
百大集团_0600865.csv,33,19,
百川股份_1002455.csv,17,15,
百洋股份_1002696.csv,49,49,
百润股份_1002568.csv,2,1,
百联B股_0900923.csv,0,0,
百联股份_0600827.csv,19,0,
百花村_0600721.csv,18,18,
百达精工_0603331.csv,33,33,
百邦科技_1300736.csv,48,48,
百隆东方_0601339.csv,32,32,
皇庭B_1200056.csv,43,43,
皇庭国际_1000056.csv,33,32,
皇氏集团_1002329.csv,13,0,
皇马科技_0603181.csv,28,28,
皖天然气_0603689.csv,19,19,
皖新传媒_0601801.csv,53,53,
皖江物流_0600575.csv,18,0,
皖维高新_0600063.csv,29,29,
皖能电力_1000543.csv,22,22,
皖通科技_1002331.csv,36,0,
皖通高速_0600012.csv,42,42,
皮阿诺_1002853.csv,28,20,
盈峰环境_1000967.csv,12,0,
盈方微_1000670.csv,2,2,
盈趣科技_1002925.csv,55,0,
益丰药房_0603939.csv,2,2,
益佰制药_0600594.csv,37,0,
益民集团_0600824.csv,33,33,
益生股份_1002458.csv,3,3,
益盛药业_1002566.csv,2,2,
盐津铺子_1002847.csv,5,0,
盐湖股份_1000792.csv,18,2,
盐田港_1000088.csv,28,28,
盘江股份_0600395.csv,8,8,
盘龙药业_1002864.csv,52,52,
盛和资源_0600392.csv,37,37,
盛天网络_1300494.csv,5,0,
盛屯矿业_0600711.csv,18,18,
盛弘股份_1300693.csv,53,53,
盛洋科技_0603703.csv,19,0,
盛讯达_1300518.csv,35,21,
盛路通信_1002446.csv,2,0,
盛达矿业_1000603.csv,46,29,
盛运环保_1300090.csv,18,18,
盛通股份_1002599.csv,44,44,
盾安环境_1002011.csv,33,33,
省广集团_1002400.csv,33,33,
真视通_1002771.csv,38,38,
睿能科技_0603933.csv,44,44,
石化机械_1000852.csv,19,18,
石基信息_1002153.csv,53,53,
石大胜华_0603026.csv,16,16,
石英股份_0603688.csv,53,53,
硅宝科技_1300019.csv,19,18,
硕贝德_1300322.csv,9,9,
碧水源_1300070.csv,43,43,
碳元科技_0603133.csv,49,49,
祁连山_0600720.csv,30,30,
神农基因_1300189.csv,23,8,
神剑股份_1002361.csv,19,18,
神力股份_0603819.csv,19,19,
神奇B股_0900904.csv,40,39,
神奇制药_0600613.csv,38,38,
神宇股份_1300563.csv,39,0,
神州B_1200018.csv,53,0,
神州信息_1000555.csv,37,0,
神州数码_1000034.csv,20,0,
神州泰岳_1300002.csv,37,0,
神州长城_1000018.csv,43,43,
神州高铁_1000008.csv,33,0,
神开股份_1002278.csv,16,4,
神思电子_1300479.csv,48,44,
神火股份_1000933.csv,19,19,
神雾环保_1300156.csv,43,43,
神雾节能_1000820.csv,10,10,
神马股份_0600810.csv,0,0,
祥和实业_0603500.csv,28,28,
祥源文化_0600576.csv,19,19,
福安药业_1300194.csv,9,0,
福建水泥_0600802.csv,21,0,
福建金森_1002679.csv,1,1,
福建高速_0600033.csv,19,18,
福成股份_0600965.csv,17,16,
福斯特_0603806.csv,6,0,
福日电子_0600203.csv,14,0,
福星股份_1000926.csv,28,28,
福晶科技_1002222.csv,38,38,
福瑞股份_1300049.csv,42,38,
福田汽车_0600166.csv,2,2,
福耀玻璃_0600660.csv,13,13,
福能股份_0600483.csv,43,33,
福莱特_0601865.csv,0,0,
福达合金_0603045.csv,2,0,
福达股份_0603166.csv,19,18,
福鞍股份_0603315.csv,38,38,
禾丰牧业_0603609.csv,4,0,
禾望电气_0603063.csv,39,39,
秀强股份_1300160.csv,45,45,
秋林集团_0600891.csv,12,12,
科伦药业_1002422.csv,21,19,
科信技术_1300565.csv,41,10,
科创信息_1300730.csv,0,0,
科创新源_1300731.csv,37,37,
科力尔_1002892.csv,27,27,
科力远_0600478.csv,2,0,
科华恒盛_1002335.csv,19,0,
科华控股_0603161.csv,43,40,
科华生物_1002022.csv,39,38,
科士达_1002518.csv,38,38,
科大国创_1300520.csv,37,0,
科大智能_1300222.csv,49,49,
科大讯飞_1002230.csv,43,43,
科恒股份_1300340.csv,37,37,
科斯伍德_1300192.csv,38,38,
科新机电_1300092.csv,25,20,
科林环保_1002499.csv,0,0,
科林电气_0603050.csv,43,43,
科森科技_0603626.csv,37,19,
科沃斯_0603486.csv,54,54,
科泰电源_1300153.csv,18,16,
科蓝软件_1300663.csv,16,16,
科融环境_1300152.csv,3,0,
科达利_1002850.csv,50,43,
科达洁能_0600499.csv,19,19,
科达股份_0600986.csv,43,43,
科远股份_1002380.csv,17,0,
科迪乳业_1002770.csv,6,6,
科锐国际_1300662.csv,34,34,
科陆电子_1002121.csv,18,0,
科隆股份_1300405.csv,0,0,
科顺股份_1300737.csv,29,0,
秦安股份_0603758.csv,43,43,
秦川机床_1000837.csv,28,27,
秦港股份_0601326.csv,26,0,
积成电子_1002339.csv,33,33,
移为通信_1300590.csv,8,8,
穗恒运A_1000531.csv,13,12,
空港股份_0600463.csv,29,0,
立华股份_1300761.csv,4,4,
立思辰_1300010.csv,19,19,
立昂技术_1300603.csv,0,0,
立讯精密_1002475.csv,8,3,
立霸股份_0603519.csv,4,2,
章源钨业_1002378.csv,19,19,
第一创业_1002797.csv,19,0,
第一医药_0600833.csv,29,29,
粤传媒_1002181.csv,38,38,
粤华包B_1200986.csv,19,7,
粤宏远A_1000573.csv,28,28,
粤桂股份_1000833.csv,14,14,
粤水电_1002060.csv,19,19,
粤泰股份_0600393.csv,3,2,
粤照明B_1200541.csv,28,0,
粤电力A_1000539.csv,29,29,
粤电力B_1200539.csv,43,43,
粤高速A_1000429.csv,29,28,
粤高速B_1200429.csv,28,28,
精伦电子_0600355.csv,2,0,
精准信息_1300099.csv,16,16,
精功科技_1002006.csv,48,0,
精华制药_1002349.csv,21,19,
精工钢构_0600496.csv,20,20,
精测电子_1300567.csv,21,21,
精研科技_1300709.csv,7,7,
精艺股份_1002295.csv,24,24,
精达股份_0600577.csv,19,19,
精锻科技_1300258.csv,19,0,
索菱股份_1002766.csv,48,0,
索菲亚_1002572.csv,24,0,
索通发展_0603612.csv,19,19,
紫光国微_1002049.csv,19,0,
紫光学大_1000526.csv,38,38,
紫光股份_1000938.csv,37,37,
紫天科技_1300280.csv,2,2,
紫江企业_0600210.csv,33,33,
紫金矿业_0601899.csv,48,48,
紫金银行_0601860.csv,40,40,
紫鑫药业_1002118.csv,16,16,
红墙股份_1002809.csv,29,29,
红太阳_1000525.csv,40,40,
红宇新材_1300345.csv,7,7,
红宝丽_1002165.csv,18,18,
红旗连锁_1002697.csv,19,0,
红日药业_1300026.csv,38,37,
红星发展_0600367.csv,43,43,
红相股份_1300427.csv,0,0,
红蜻蜓_0603116.csv,43,43,
红豆股份_0600400.csv,0,0,
红阳能源_0600758.csv,7,7,
纳尔股份_1002825.csv,18,0,
纳川股份_1300198.csv,0,0,
纳思达_1002180.csv,36,36,
纵横通信_0603602.csv,23,0,
纽威股份_0603699.csv,1,0,
经纬纺机_1000666.csv,18,0,
经纬辉开_1300120.csv,51,51,
绝味食品_0603517.csv,28,0,
继峰股份_0603997.csv,21,21,
维业股份_1300621.csv,38,38,
维信诺_1002387.csv,8,8,
维力医疗_0603309.csv,13,10,
维宏股份_1300508.csv,4,0,
维尔利_1300190.csv,19,19,
维格娜丝_0603518.csv,19,19,
维科技术_0600152.csv,37,37,
维维股份_0600300.csv,29,29,
综艺股份_0600770.csv,37,0,
绿地控股_0600606.csv,19,19,
绿城水务_0601368.csv,19,18,
绿庭B股_0900919.csv,33,33,
绿庭投资_0600695.csv,28,28,
绿康生化_1002868.csv,7,7,
绿景控股_1000502.csv,26,0,
绿盟科技_1300369.csv,4,0,
绿色动力_0601330.csv,48,44,
绿茵生态_1002887.csv,31,0,
网宿科技_1300017.csv,19,0,
网达软件_0603189.csv,0,0,
罗博特科_1300757.csv,66,66,
罗平锌电_1002114.csv,18,18,
罗普斯金_1002333.csv,0,0,
罗牛山_1000735.csv,50,50,
罗莱生活_1002293.csv,28,28,
置信电气_0600517.csv,12,0,
美丽生态_1000010.csv,0,0,
美亚光电_1002690.csv,0,0,
美亚柏科_1300188.csv,17,0,
美克家居_0600337.csv,21,18,
美凯龙_0601828.csv,44,44,
美利云_1000815.csv,0,0,
美力科技_1300611.csv,33,21,
美好置业_1000667.csv,9,0,
美尔雅_0600107.csv,19,19,
美尚生态_1300495.csv,1,0,
美年健康_1002044.csv,63,54,
美康生物_1300439.csv,43,43,
美思德_0603041.csv,29,29,
美晨生态_1300237.csv,19,19,
美格智能_1002881.csv,43,43,
美的集团_1000333.csv,18,18,
美盈森_1002303.csv,6,6,
美盛文化_1002699.csv,22,22,
美联新材_1300586.csv,19,18,
美芝股份_1002856.csv,28,0,
美诺华_0603538.csv,0,0,
美达股份_1000782.csv,29,28,
美邦服饰_1002269.csv,33,33,
美都能源_0600175.csv,3,0,
美锦能源_1000723.csv,8,8,
羚锐制药_0600285.csv,1,1,
群兴玩具_1002575.csv,53,53,
翔港科技_0603499.csv,0,0,
翔鹭钨业_1002842.csv,41,41,
翠微股份_0603123.csv,19,19,
翰宇药业_1300199.csv,3,3,
耀皮B股_0900918.csv,0,0,
耀皮玻璃_0600819.csv,0,0,
老凤祥B_0900905.csv,1,1,
老凤祥_0600612.csv,20,19,
老板电器_1002508.csv,22,22,
老白干酒_0600559.csv,19,0,
老百姓_0603883.csv,43,43,
耐威科技_1300456.csv,44,44,
联创互联_1300343.csv,29,0,
联创光电_0600363.csv,37,37,
联创电子_1002036.csv,8,0,
联化科技_1002250.csv,0,0,
联发股份_1002394.csv,43,43,
联合光电_1300691.csv,37,37,
联建光电_1300269.csv,43,43,
联得装备_1300545.csv,49,49,
联明股份_0603006.csv,37,37,
联泰环保_0603797.csv,0,0,
联环药业_0600513.csv,18,18,
联络互动_1002280.csv,43,0,
联美控股_0600167.csv,33,33,
联诚精密_1002921.csv,51,51,
聚光科技_1300203.csv,44,40,
聚力文化_1002247.csv,38,38,
聚灿光电_1300708.csv,42,42,
聚隆科技_1300475.csv,33,0,
聚飞光电_1300303.csv,7,0,
聚龙股份_1300202.csv,1,0,
胜利精密_1002426.csv,48,48,
胜利股份_1000407.csv,19,18,
胜宏科技_1300476.csv,45,44,
能科股份_0603859.csv,0,0,
腾信股份_1300392.csv,11,0,
腾达建设_0600512.csv,19,0,
腾邦国际_1300178.csv,44,44,
腾龙股份_0603158.csv,40,32,
至正股份_0603991.csv,26,26,
至纯科技_0603690.csv,43,0,
舍得酒业_0600702.csv,28,28,
舒泰神_1300204.csv,17,15,
舜B_1200168.csv,2,2,
航发动力_0600893.csv,47,44,
航发控制_1000738.csv,43,43,
航发科技_0600391.csv,32,0,
航天信息_0600271.csv,53,53,
航天动力_0600343.csv,18,18,
航天发展_1000547.csv,8,0,
航天工程_0603698.csv,8,8,
航天彩虹_1002389.csv,51,51,
航天晨光_0600501.csv,24,24,
航天机电_0600151.csv,26,26,
航天电器_1002025.csv,53,53,
航天电子_0600879.csv,43,43,
航天科技_1000901.csv,35,0,
航天通信_0600677.csv,32,32,
航天长峰_0600855.csv,13,13,
航新科技_1300424.csv,44,44,
航民股份_0600987.csv,18,18,
航锦科技_1000818.csv,2,0,
良信电器_1002706.csv,38,0,
艾华集团_0603989.csv,52,52,
艾德生物_1300685.csv,43,43,
艾格拉斯_1002619.csv,40,29,
艾比森_1300389.csv,50,0,
艾艾精工_0603580.csv,28,0,
节能风电_0601016.csv,40,38,
芒果超媒_1300413.csv,33,33,
芭田股份_1002170.csv,2,0,
芯能科技_0603105.csv,54,54,
花园生物_1300401.csv,1,0,
花王股份_0603007.csv,50,0,
苏交科_1300284.csv,43,42,
苏利股份_0603585.csv,33,33,
苏博特_0603916.csv,27,27,
苏垦农发_0601952.csv,43,43,
苏大维格_1300331.csv,22,22,
苏奥传感_1300507.csv,28,28,
苏威孚B_1200581.csv,44,43,
苏宁易购_1002024.csv,18,17,
苏宁环球_1000718.csv,21,20,
苏州固锝_1002079.csv,37,37,
苏州科达_0603660.csv,0,0,
苏州高新_0600736.csv,12,0,
苏州龙杰_0603332.csv,63,63,
苏常柴A_1000570.csv,28,28,
苏常柴B_1200570.csv,28,0,
苏泊尔_1002032.csv,21,0,
苏美达_0600710.csv,10,10,
苏试试验_1300416.csv,28,28,
英力特_1000635.csv,20,0,
英可瑞_1300713.csv,43,43,
英唐智控_1300131.csv,36,0,
英威腾_1002334.csv,19,18,
英搏尔_1300681.csv,44,43,
英洛华_1000795.csv,36,36,
英派斯_1002899.csv,48,48,
英特集团_1000411.csv,19,19,
英科医疗_1300677.csv,19,0,
英维克_1002837.csv,5,3,
英联股份_1002846.csv,15,12,
英飞拓_1002528.csv,37,37,
英飞特_1300582.csv,53,0,
茂业商业_0600828.csv,28,28,
茂化实华_1000637.csv,5,5,
茂硕电源_1002660.csv,18,18,
茶花股份_0603615.csv,29,29,
荃银高科_1300087.csv,18,0,
荣丰控股_1000668.csv,13,0,
荣之联_1002642.csv,0,0,
荣华实业_0600311.csv,18,18,
荣安地产_1000517.csv,19,0,
荣晟环保_0603165.csv,49,49,
荣泰健康_0603579.csv,43,43,
荣盛发展_1002146.csv,33,29,
荣盛石化_1002493.csv,19,18,
荣科科技_1300290.csv,8,0,
药明康德_0603259.csv,40,0,
药石科技_1300725.csv,2,0,
莎普爱思_0603168.csv,2,2,
莫高股份_0600543.csv,25,0,
莱克电气_0603355.csv,43,0,
莱宝高科_1002106.csv,28,28,
莱绅通灵_0603900.csv,28,25,
莱美药业_1300006.csv,6,6,
莱茵体育_1000558.csv,32,32,
莱茵生物_1002166.csv,7,7,
菲利华_1300395.csv,48,48,
菲林格尔_0603226.csv,2,0,
菲达环保_0600526.csv,4,4,
萃华珠宝_1002731.csv,72,72,
营口港_0600317.csv,28,0,
葛洲坝_0600068.csv,33,33,
葵花药业_1002737.csv,48,0,
蒙娜丽莎_1002918.csv,2,2,
蒙草生态_1300355.csv,38,38,
蓝丰生化_1002513.csv,23,0,
蓝光发展_0600466.csv,29,0,
蓝帆医疗_1002382.csv,19,0,
蓝思科技_1300433.csv,7,7,
蓝晓科技_1300487.csv,52,48,
蓝海华腾_1300484.csv,44,0,
蓝焰控股_1000968.csv,19,0,
蓝盾股份_1300297.csv,19,0,
蓝色光标_1300058.csv,1,1,
蓝英装备_1300293.csv,38,38,
蓝黛传动_1002765.csv,30,30,
蔚蓝生物_0603739.csv,59,59,
藏格控股_1000408.csv,54,54,
虹美菱B_1200521.csv,43,0,
融捷健康_1300247.csv,33,33,
融捷股份_1002192.csv,2,0,
融钰集团_1002622.csv,20,0,
蠡湖股份_1300694.csv,21,21,
裕兴股份_1300305.csv,19,0,
裕同科技_1002831.csv,31,31,
襄阳轴承_1000678.csv,18,0,
西仪股份_1002265.csv,22,22,
西南证券_0600369.csv,19,0,
西宁特钢_0600117.csv,43,43,
西安旅游_1000610.csv,22,22,
西安银行_0600928.csv,34,34,
西安饮食_1000721.csv,26,26,
西山煤电_1000983.csv,8,8,
西昌电力_0600505.csv,10,9,
西水股份_0600291.csv,19,19,
西泵股份_1002536.csv,53,29,
西王食品_1000639.csv,28,28,
西菱动力_1300733.csv,19,19,
西藏发展_1000752.csv,12,12,
西藏城投_0600773.csv,33,19,
西藏天路_0600326.csv,29,0,
西藏珠峰_0600338.csv,16,0,
西藏矿业_1000762.csv,19,19,
西藏药业_0600211.csv,0,0,
西部创业_1000557.csv,0,0,
西部建设_1002302.csv,28,28,
西部材料_1002149.csv,19,18,
西部牧业_1300106.csv,18,13,
西部矿业_0601168.csv,44,43,
西部证券_1002673.csv,19,19,
西部资源_0600139.csv,35,35,
西部黄金_0601069.csv,48,48,
西陇科学_1002584.csv,3,3,
视源股份_1002841.csv,38,0,
视觉中国_1000681.csv,7,7,
誉衡药业_1002437.csv,34,34,
许继电气_1000400.csv,73,0,
设研院_1300732.csv,53,53,
设计总院_0603357.csv,33,33,
证通电子_1002197.csv,43,0,
诚志股份_1000990.csv,25,25,
诚意药业_0603811.csv,5,2,
诚益通_1300430.csv,3,1,
诚迈科技_1300598.csv,23,21,
诚邦股份_0603316.csv,33,33,
诺力股份_0603611.csv,2,0,
诺德股份_0600110.csv,2,0,
诺普信_1002215.csv,6,6,
诺邦股份_0603238.csv,83,82,
读者传媒_0603999.csv,19,19,
豪能股份_0603809.csv,18,18,
豪迈科技_1002595.csv,39,0,
豫光金铅_0600531.csv,44,44,
豫园股份_0600655.csv,0,0,
豫能控股_1001896.csv,3,3,
豫金刚石_1300064.csv,18,18,
贝斯特_1300580.csv,18,18,
贝瑞基因_1000710.csv,44,44,
贝肯能源_1002828.csv,5,5,
贝达药业_1300558.csv,40,40,
贝通信_0603220.csv,10,0,
财信发展_1000838.csv,19,19,
财通证券_0601108.csv,19,19,
贤丰控股_1002141.csv,44,5,
贵人鸟_0603555.csv,33,33,
贵州燃气_0600903.csv,53,53,
贵州百灵_1002424.csv,17,13,
贵州茅台_0600519.csv,7,7,
贵广网络_0600996.csv,5,1,
贵研铂业_0600459.csv,8,0,
贵绳股份_0600992.csv,26,26,
贵航股份_0600523.csv,8,0,
贵阳银行_0601997.csv,8,8,
赛为智能_1300044.csv,43,0,
赛升药业_1300485.csv,43,40,
赛意信息_1300687.csv,38,38,
赛托生物_1300583.csv,43,43,
赛摩电气_1300466.csv,15,14,
赛福天_0603028.csv,5,0,
赛腾股份_0603283.csv,1,0,
赛象科技_1002337.csv,39,39,
赛轮轮胎_0601058.csv,17,17,
赛隆药业_1002898.csv,43,43,
赞宇科技_1002637.csv,33,0,
赢合科技_1300457.csv,19,2,
赢时胜_1300377.csv,44,0,
赣粤高速_0600269.csv,18,18,
赣能股份_1000899.csv,19,19,
赣锋锂业_1002460.csv,43,33,
赤峰黄金_0600988.csv,3,3,
赫美集团_1002356.csv,34,34,
超华科技_1002288.csv,8,0,
超图软件_1300036.csv,43,0,
超声电子_1000823.csv,7,0,
超讯通信_0603322.csv,45,45,
超频三_1300647.csv,46,46,
越博动力_1300742.csv,51,51,
越秀金控_1000987.csv,5,5,
跃岭股份_1002725.csv,9,0,
跨境通_1002640.csv,18,18,
路畅科技_1002813.csv,35,0,
路通视信_1300555.csv,45,45,
软控股份_1002073.csv,37,37,
轴研科技_1002046.csv,20,20,
轻纺城_0600790.csv,19,18,
辅仁药业_0600781.csv,19,18,
辉煌科技_1002296.csv,21,0,
辉隆股份_1002556.csv,28,28,
辰安科技_1300523.csv,0,0,
辰欣药业_0603367.csv,33,0,
辽宁成大_0600739.csv,33,0,
达刚路机_1300103.csv,28,28,
达华智能_1002512.csv,38,38,
达威股份_1300535.csv,33,0,
达安基因_1002030.csv,38,38,
达安股份_1300635.csv,48,0,
达实智能_1002421.csv,38,0,
达志科技_1300530.csv,36,18,
达意隆_1002209.csv,37,0,
迅游科技_1300467.csv,45,0,
迈为股份_1300751.csv,19,19,
迈克生物_1300463.csv,8,0,
迈瑞医疗_1300760.csv,1,0,
迎驾贡酒_0603198.csv,21,0,
运达科技_1300440.csv,19,18,
远东传动_1002406.csv,18,18,
远光软件_1002063.csv,19,19,
远兴能源_1000683.csv,6,6,
远大控股_1000626.csv,8,8,
远大智能_1002689.csv,48,48,
远方信息_1300306.csv,39,39,
远望谷_1002161.csv,37,0,
远程股份_1002692.csv,47,44,
远达环保_0600292.csv,18,18,
连云港_0601008.csv,21,21,
迦南科技_1300412.csv,18,18,
迪威迅_1300167.csv,38,0,
迪安诊断_1300244.csv,37,0,
迪森股份_1300335.csv,19,19,
迪瑞医疗_1300396.csv,0,0,
迪生力_0603335.csv,54,0,
迪贝电气_0603320.csv,0,0,
迪马股份_0600565.csv,0,0,
透景生命_1300642.csv,42,40,
通产丽星_1002243.csv,46,46,
通光线缆_1300265.csv,6,6,
通化东宝_0600867.csv,29,28,
通化金马_1000766.csv,18,18,
通合科技_1300491.csv,49,48,
通威股份_0600438.csv,6,6,
通宇通讯_1002792.csv,9,8,
通宝能源_0600780.csv,29,29,
通富微电_1002156.csv,37,37,
通润装备_1002150.csv,19,19,
通源石油_1300164.csv,18,18,
通用股份_0601500.csv,20,20,
通程控股_1000419.csv,19,19,
通策医疗_0600763.csv,0,0,
通葡股份_0600365.csv,9,9,
通裕重工_1300185.csv,29,29,
通达动力_1002576.csv,33,33,
通达股份_1002560.csv,9,8,
通鼎互联_1002491.csv,44,44,
道恩股份_1002838.csv,67,54,
道明光学_1002632.csv,50,50,
道森股份_0603800.csv,19,0,
道氏技术_1300409.csv,8,7,
道道全_1002852.csv,28,28,
邦宝益智_0603398.csv,22,0,
邦讯技术_1300312.csv,52,52,
郑州煤电_0600121.csv,18,18,
郑州银行_1002936.csv,41,41,
郑煤机_0601717.csv,29,29,
郴电国际_0600969.csv,28,28,
鄂尔多斯_0600295.csv,19,19,
鄂武商A_1000501.csv,29,29,
鄂资B股_0900936.csv,35,35,
酒钢宏兴_0600307.csv,43,43,
酒鬼酒_1000799.csv,27,0,
醋化股份_0603968.csv,6,6,
重庆啤酒_0600132.csv,6,6,
重庆建工_0600939.csv,29,29,
重庆水务_0601158.csv,44,44,
重庆港九_0600279.csv,21,21,
重庆燃气_0600917.csv,9,0,
重庆百货_0600729.csv,30,30,
重庆路桥_0600106.csv,26,26,
重庆钢铁_0601005.csv,43,43,
重药控股_1000950.csv,15,15,
量子生物_1300149.csv,56,55,
金一文化_1002721.csv,18,18,
金信诺_1300252.csv,46,20,
金健米业_0600127.csv,29,29,
金冠股份_1300510.csv,45,11,
金刚玻璃_1300093.csv,21,20,
金利华电_1300069.csv,16,8,
金力永磁_1300748.csv,53,53,
金力泰_1300225.csv,17,10,
金卡智能_1300349.csv,19,19,
金发拉比_1002762.csv,46,0,
金发科技_0600143.csv,43,43,
金固股份_1002488.csv,36,36,
金圆股份_1000546.csv,8,7,
金地集团_0600383.csv,29,0,
金城医药_1300233.csv,19,0,
金域医学_0603882.csv,0,0,
金太阳_1300606.csv,48,46,
金奥博_1002917.csv,42,42,
金字火腿_1002515.csv,3,0,
金宇车城_1000803.csv,1,0,
金安国纪_1002636.csv,45,45,
金徽酒_0603919.csv,28,28,
金新农_1002548.csv,6,0,
金明精机_1300281.csv,48,48,
金晶科技_0600586.csv,40,40,
金智科技_1002090.csv,1,0,
金杯汽车_0600609.csv,13,13,
金杯电工_1002533.csv,33,33,
金枫酒业_0600616.csv,40,33,
金桥B股_0900911.csv,10,10,
金桥信息_0603918.csv,38,0,
金正大_1002470.csv,73,73,
金河生物_1002688.csv,1,1,
金洲慈航_1000587.csv,43,43,
金洲管道_1002443.csv,31,30,
金浦钛业_1000545.csv,19,18,
金海环境_0603311.csv,39,38,
金溢科技_1002869.csv,16,0,
金牌厨柜_0603180.csv,59,59,
金牛化工_0600722.csv,25,0,
金瑞矿业_0600714.csv,40,39,
金盾股份_1300411.csv,33,33,
金石东方_1300434.csv,19,0,
金石资源_0603505.csv,5,5,
金禾实业_1002597.csv,15,15,
金种子酒_0600199.csv,27,0,
金科文化_1300459.csv,0,0,
金科股份_1000656.csv,15,15,
金能科技_0603113.csv,18,18,
金自天正_0600560.csv,43,0,
金花股份_0600080.csv,21,21,
金莱特_1002723.csv,1,0,
金融街_1000402.csv,19,19,
金螳螂_1002081.csv,29,29,
金证股份_0600446.csv,18,18,
金诚信_0603979.csv,17,17,
金财互联_1002530.csv,2,2,
金贵银业_1002716.csv,28,8,
金路集团_1000510.csv,18,18,
金轮股份_1002722.csv,43,43,
金辰股份_0603396.csv,2,0,
金达威_1002626.csv,5,0,
金运激光_1300220.csv,9,2,
金通灵_1300091.csv,14,14,
金逸影视_1002905.csv,17,0,
金钼股份_0601958.csv,43,19,
金银河_1300619.csv,0,0,
金陵体育_1300651.csv,21,21,
金陵药业_1000919.csv,18,16,
金陵饭店_0601007.csv,16,16,
金隅集团_0601992.csv,0,0,
金雷风电_1300443.csv,38,0,
金风科技_1002202.csv,19,19,
金鸿控股_1000669.csv,18,18,
金鸿顺_0603922.csv,29,28,
金鹰股份_0600232.csv,26,26,
金麒麟_0603586.csv,28,0,
金龙机电_1300032.csv,8,7,
金龙汽车_0600686.csv,18,18,
金龙羽_1002882.csv,2,0,
钢研高纳_1300034.csv,27,0,
钧达股份_1002865.csv,43,42,
钱江摩托_1000913.csv,33,33,
钱江水利_0600283.csv,41,38,
钱江生化_0600796.csv,29,0,
铁岭新城_1000809.csv,19,19,
铁汉生态_1300197.csv,19,19,
铁流股份_0603926.csv,33,33,
铁龙物流_0600125.csv,33,29,
铜峰电子_0600237.csv,19,19,
铜陵有色_1000630.csv,19,19,
铭普光磁_1002902.csv,31,0,
银之杰_1300085.csv,19,19,
银亿股份_1000981.csv,38,38,
银信科技_1300231.csv,43,0,
银宝山新_1002786.csv,19,19,
银座股份_0600858.csv,19,19,
银星能源_1000862.csv,19,19,
银江股份_1300020.csv,19,0,
银河生物_1000806.csv,19,0,
银河电子_1002519.csv,38,38,
银河磁体_1300127.csv,33,0,
银泰资源_1000975.csv,0,0,
银禧科技_1300221.csv,24,0,
银轮股份_1002126.csv,37,20,
银邦股份_1300337.csv,33,0,
银都股份_0603277.csv,2,0,
银鸽投资_0600069.csv,33,0,
银龙股份_0603969.csv,29,28,
锋龙股份_1002931.csv,51,0,
锌业股份_1000751.csv,42,42,
锐奇股份_1300126.csv,29,0,
锐科激光_1300747.csv,38,38,
锡业股份_1000960.csv,19,19,
锦富技术_1300128.csv,19,19,
锦州港_0600190.csv,24,24,
锦投B股_0900914.csv,29,29,
锦旅B股_0900929.csv,29,28,
锦江B股_0900934.csv,19,19,
锦江投资_0600650.csv,19,19,
锦江股份_0600754.csv,29,28,
锦港B股_0900952.csv,44,43,
锦龙股份_1000712.csv,19,16,
镇海股份_0603637.csv,1,0,
长久物流_0603569.csv,0,0,
长亮科技_1300348.csv,19,19,
长信科技_1300088.csv,10,0,
长园集团_0600525.csv,18,18,
长城军工_0601606.csv,43,43,
长城动漫_1000835.csv,13,13,
长城影视_1002071.csv,37,37,
长城汽车_0601633.csv,13,12,
长城电工_0600192.csv,14,14,
长城科技_0603897.csv,48,48,
长城证券_1002939.csv,43,43,
长安B_1200625.csv,16,16,
长安汽车_1000625.csv,18,16,
长川科技_1300604.csv,15,15,
长方集团_1300301.csv,16,15,
长春一东_0600148.csv,37,37,
长春燃气_0600333.csv,43,43,
长春经开_0600215.csv,33,33,
长春高新_1000661.csv,21,0,
长江传媒_0600757.csv,33,33,
长江投资_0600119.csv,19,0,
长江润发_1002435.csv,18,18,
长江电力_0600900.csv,12,12,
长江证券_1000783.csv,3,0,
长江通信_0600345.csv,0,0,
长沙银行_0601577.csv,19,19,
长海股份_1300196.csv,19,19,
长源电力_1000966.csv,7,0,
长电科技_0600584.csv,38,8,
长白山_0603099.csv,24,24,
长盈精密_1300115.csv,4,4,
长盛轴承_1300718.csv,12,12,
长缆科技_1002879.csv,37,37,
长航凤凰_1000520.csv,21,20,
长荣股份_1300195.csv,44,44,
长虹华意_1000404.csv,19,19,
长虹美菱_1000521.csv,18,18,
长青股份_1002391.csv,19,0,
长青集团_1002616.csv,43,43,
长飞光纤_0601869.csv,45,44,
长高集团_1002452.csv,18,0,
长鹰信质_1002664.csv,13,0,
闰土股份_1002440.csv,8,8,
闻泰科技_0600745.csv,8,2,
闽东电力_1000993.csv,28,0,
闽发铝业_1002578.csv,28,28,
闽灿坤B_1200512.csv,8,2,
阳光城_1000671.csv,40,39,
阳光照明_0600261.csv,3,0,
阳光电源_1300274.csv,8,8,
阳光股份_1000608.csv,17,17,
阳普医疗_1300030.csv,19,0,
阳泉煤业_0600348.csv,10,10,
阳煤化工_0600691.csv,3,3,
阳谷华泰_1300121.csv,50,48,
阿石创_1300706.csv,50,50,
阿科力_0603722.csv,27,27,
际华集团_0601718.csv,39,38,
陆家B股_0900932.csv,12,10,
陆家嘴_0600663.csv,19,19,
陇神戎发_1300534.csv,21,21,
陕国投A_1000563.csv,39,19,
陕天然气_1002267.csv,33,33,
陕西煤业_0601225.csv,19,19,
陕西金叶_1000812.csv,0,0,
陕西黑猫_0601015.csv,19,19,
陕鼓动力_0601369.csv,19,18,
隆利科技_1300752.csv,0,0,
隆华科技_1300263.csv,26,26,
隆基机械_1002363.csv,27,27,
隆基股份_0601012.csv,7,7,
隆平高科_1000998.csv,49,48,
隆盛科技_1300680.csv,18,18,
隆鑫通用_0603766.csv,15,15,
隧道股份_0600820.csv,43,43,
雄塑科技_1300599.csv,19,18,
雄帝科技_1300546.csv,47,0,
雄韬股份_1002733.csv,8,0,
雅克科技_1002409.csv,2,0,
雅化集团_1002497.csv,46,46,
雅戈尔_0600177.csv,25,21,
雅本化学_1300261.csv,26,0,
雅运股份_0603790.csv,0,0,
集友股份_0603429.csv,43,0,
集智股份_1300553.csv,9,0,
集泰股份_1002909.csv,51,40,
雏鹰农牧_1002477.csv,0,0,
雪人股份_1002639.csv,14,14,
雪峰科技_0603227.csv,38,33,
雪榕生物_1300511.csv,9,9,
雪浪环境_1300385.csv,6,0,
雪莱特_1002076.csv,38,38,
雪迪龙_1002658.csv,33,29,
雷曼股份_1300162.csv,17,17,
雷柏科技_1002577.csv,38,38,
雷科防务_1002413.csv,40,40,
雷迪克_1300652.csv,43,19,
霞客环保_1002015.csv,26,26,
露天煤业_1002128.csv,0,0,
露笑科技_1002617.csv,10,10,
青山纸业_0600103.csv,21,21,
青岛双星_1000599.csv,18,18,
青岛啤酒_0600600.csv,8,0,
青岛海尔_0600690.csv,19,19,
青岛港_0601298.csv,27,27,
青岛金王_1002094.csv,19,18,
青岛银行_1002948.csv,43,43,
青松建化_0600425.csv,37,37,
青松股份_1300132.csv,32,21,
青海华鼎_0600243.csv,38,37,
青海春天_0600381.csv,28,28,
青青稞酒_1002646.csv,33,33,
青龙管业_1002457.csv,28,28,
靖远煤电_1000552.csv,19,19,
鞍重股份_1002667.csv,7,0,
鞍钢股份_1000898.csv,48,48,
韦尔股份_0603501.csv,9,0,
韩建河山_0603616.csv,43,43,
音飞储存_0603066.csv,18,18,
韵达股份_1002120.csv,21,0,
韶能股份_1000601.csv,17,16,
韶钢松山_1000717.csv,48,48,
顶固集创_1300749.csv,10,10,
顶点软件_0603383.csv,19,19,
顺丰控股_1002352.csv,50,50,
顺利办_1000606.csv,38,0,
顺发恒业_1000631.csv,33,33,
顺威股份_1002676.csv,11,0,
顺灏股份_1002565.csv,19,19,
顺络电子_1002138.csv,8,0,
顺网科技_1300113.csv,9,8,
顺鑫农业_1000860.csv,10,10,
顾地科技_1002694.csv,12,11,
顾家家居_0603816.csv,54,0,
领益智造_1002600.csv,3,3,
风华高科_1000636.csv,38,38,
风神股份_0600469.csv,0,0,
风范股份_0601700.csv,46,46,
风语筑_0603466.csv,40,0,
飞乐音响_0600651.csv,37,37,
飞亚达A_1000026.csv,43,43,
飞亚达B_1200026.csv,13,13,
飞凯材料_1300398.csv,51,50,
飞利信_1300287.csv,37,0,
飞力达_1300240.csv,16,0,
飞天诚信_1300386.csv,20,0,
飞科电器_0603868.csv,0,0,
飞荣达_1300602.csv,195,195,
飞马国际_1002210.csv,10,10,
飞鹿股份_1300665.csv,43,43,
首创股份_0600008.csv,33,0,
首商股份_0600723.csv,29,29,
首开股份_0600376.csv,31,0,
首旅酒店_0600258.csv,28,0,
首航节能_1002665.csv,7,7,
首钢股份_1000959.csv,43,43,
香山股份_1002870.csv,2,2,
香梨股份_0600506.csv,26,26,
香江控股_0600162.csv,42,0,
香溢融通_0600830.csv,19,18,
香雪制药_1300147.csv,33,0,
香飘飘_0603711.csv,4,4,
马应龙_0600993.csv,0,0,
马钢股份_0600808.csv,69,57,
驰宏锌锗_0600497.csv,19,19,
骅威文化_1002502.csv,44,43,
骆驼股份_0601311.csv,35,35,
高乐股份_1002348.csv,48,48,
高争民爆_1002827.csv,28,28,
高伟达_1300465.csv,0,0,
高升控股_1000971.csv,20,0,
高德红外_1002414.csv,33,33,
高斯贝尔_1002848.csv,53,53,
高新兴_1300098.csv,18,18,
高新发展_1000628.csv,43,43,
高澜股份_1300499.csv,21,0,
高盟新材_1300200.csv,16,15,
高科石化_1002778.csv,5,5,
高能环境_0603588.csv,15,15,
高鸿股份_1000851.csv,18,0,
鱼跃医疗_1002223.csv,40,40,
鲁亿通_1300423.csv,260,260,
鲁信创投_0600783.csv,44,44,
鲁北化工_0600727.csv,0,0,
鲁商置业_0600223.csv,28,19,
鲁抗医药_0600789.csv,31,31,
鲁泰A_1000726.csv,21,21,
鲁泰B_1200726.csv,60,49,
鲁西化工_1000830.csv,0,0,
鲁银投资_0600784.csv,38,38,
鲁阳节能_1002088.csv,5,0,
鲍斯股份_1300441.csv,8,2,
鸣志电器_0603728.csv,74,74,
鸿利智汇_1300219.csv,33,33,
鸿博股份_1002229.csv,18,18,
鸿特科技_1300176.csv,18,18,
鸿路钢构_1002541.csv,20,20,
鸿达兴业_1002002.csv,17,17,
鹏博士_0600804.csv,10,0,
鹏欣资源_0600490.csv,45,45,
鹏翎股份_1300375.csv,5,5,
鹏辉能源_1300438.csv,43,43,
鹏鹞环保_1300664.csv,29,0,
鹏鼎控股_1002938.csv,7,7,
鹭燕医药_1002788.csv,5,2,
鹿港文化_0601599.csv,18,18,
麦克奥迪_1300341.csv,0,0,
麦捷科技_1300319.csv,2,0,
麦格米特_1002851.csv,32,3,
麦趣尔_1002719.csv,47,0,
麦达数字_1002137.csv,19,0,
麦迪科技_0603990.csv,19,0,
黄山B股_0900942.csv,25,0,
黄山旅游_0600054.csv,29,29,
黄山胶囊_1002817.csv,28,19,
黄河旋风_0600172.csv,44,44,
黑牡丹_0600510.csv,19,19,
黑猫股份_1002068.csv,44,43,
黑芝麻_1000716.csv,16,9,
黔源电力_1002039.csv,19,19,
黔轮胎A_1000589.csv,18,18,
鼎信通讯_0603421.csv,28,9,
鼎捷软件_1300378.csv,16,16,
鼎汉技术_1300011.csv,19,0,
鼎胜新材_0603876.csv,50,50,
鼎龙股份_1300054.csv,37,37,
齐峰新材_1002521.csv,44,44,
齐心集团_1002301.csv,12,12,
齐翔腾达_1002408.csv,17,0,
龙元建设_0600491.csv,33,33,
龙净环保_0600388.csv,46,46,
龙大肉食_1002726.csv,4,4,
龙头股份_0600630.csv,29,29,
龙宇燃油_0603003.csv,6,0,
龙建股份_0600853.csv,6,6,
龙星化工_1002442.csv,49,49,
龙江交通_0601188.csv,39,33,
龙泉股份_1002671.csv,27,19,
龙津药业_1002750.csv,32,32,
龙洲股份_1002682.csv,18,18,
龙源技术_1300105.csv,35,19,
龙溪股份_0600592.csv,18,18,
龙蟒佰利_1002601.csv,19,19,
龙蟠科技_0603906.csv,2,0,
龙韵股份_0603729.csv,36,36,
龙马环卫_0603686.csv,42,42,
